Book Id,Title,Author,Author l-f,Additional Authors,ISBN,ISBN13,My Rating,Average Rating,Publisher,Binding,Number of Pages,Year Published,Original Publication Year,Date Read,Date Added,Bookshelves,Bookshelves with positions,Exclusive Shelf,My Review,Spoiler,Private Notes,Read Count,Owned Copies
58724923,Hidden Pictures,Jason Rekulak,"Rekulak, Jason",,"=""1250819342""","=""9781250819345""",0,4.15,Flatiron Books,Hardcover,372,2022,2022,,2025/11/01,to-read,to-read (#290),to-read,,,,0,0
40396699,The Silent Patient,Alex Michaelides,"Michaelides, Alex",,"=""""","=""""",4,4.17,Celadon Books,Kindle Edition,362,2019,2019,2025/10/31,2025/10/27,,,read,,,,1,0
223362264,"The Ordeals (Killmarth Trials, #1)",Rachel Greenlaw,"Greenlaw, Rachel",,"=""0593984838""","=""9780593984833""",0,4.00,Delacorte Press,Hardcover,384,2025,2025,,2025/10/30,to-read,to-read (#289),to-read,,,,0,0
197363933,"The Games Gods Play (The Crucible, #1)",Abigail Owen,"Owen, Abigail",,"=""1649376561""","=""9781649376565""",0,4.14,Entangled: Red Tower Books,Hardcover,509,2024,2024,,2025/10/30,to-read,to-read (#288),to-read,,,,0,0
57282383,"A Shadow in the Ember (Flesh and Fire, #1)",Jennifer L. Armentrout,"Armentrout, Jennifer L.",,"=""""","=""""",0,4.46,Blue Box Press,Hardcover,647,2021,2021,,2024/02/01,currently-reading,currently-reading (#5),currently-reading,,,,1,0
16200,Ella Minnow Pea: A Novel in Letters,Mark Dunn,"Dunn, Mark",,"=""0385722435""","=""9780385722438""",0,3.94,Vintage,Paperback,208,2002,2001,,2025/10/26,to-read,to-read (#287),to-read,,,,0,0
57815107,"The War of Two Queens (Blood and Ash, #4)",Jennifer L. Armentrout,"Armentrout, Jennifer L.",,"=""1952457726""","=""9781952457722""",5,4.09,Blue Box Press,ebook,628,2022,2022,2025/10/25,2025/10/16,,,read,,,,1,0
217477109,"Empire of Flame and Thorns (Flame and Thorns, #1)",Marion Blackwood,"Blackwood, Marion",,"=""9198904264""","=""9789198904260""",0,4.02,Black Dagger Publishing,Kindle Edition,366,2024,2024,,2025/10/25,to-read,to-read (#286),to-read,,,,0,0
125974694,Come Closer,Sara Gran,"Gran, Sara",,"=""1641295244""","=""9781641295246""",0,3.66,Hell's Hundred,Paperback,168,2023,2003,,2025/10/23,to-read,to-read (#285),to-read,,,,0,0
216725635,"A Tongue so Sweet and Deadly (Compelling Fates Saga, #1)",Sophia St. Germain,"Germain, Sophia St.",,"=""9153105591""","=""9789153105596""",0,4.05,,Kindle Edition,476,2024,,,2025/10/19,to-read,to-read (#284),to-read,,,,0,0
81075,Alphabet of Thorn,Patricia A. McKillip,"McKillip, Patricia A.",,"=""0441012434""","=""9780441012435""",0,4.09,Ace,Paperback,291,2005,2004,,2025/10/18,to-read,to-read (#283),to-read,,,,0,0
230889827,"The Ascended (Aesymarean Duet, #1)",Bree Grenwich,"Grenwich, Bree",Parker Lennox,"=""""","=""9798991112871""",0,4.62,Onyx Publishing,Hardcover,756,2025,2025,,2025/10/18,to-read,to-read (#282),to-read,,,,0,0
55924835,"The ​Crown of Gilded Bones (Blood and Ash, #3)",Jennifer L. Armentrout,"Armentrout, Jennifer L.",,"=""""","=""""",4,4.16,Blue Box Press,Kindle Edition,659,2021,2021,2025/10/16,2025/10/08,,,read,,,,1,0
181344829,"Bride (Bride, #1)",Ali Hazelwood,"Hazelwood, Ali",,"=""""","=""""",0,4.00,Berkley,Kindle Edition,410,2024,2024,,2025/10/14,to-read,to-read (#281),to-read,,,,0,0
2917367,The Bell at Sealey Head,Patricia A. McKillip,"McKillip, Patricia A.",,"=""0441016308""","=""9780441016303""",0,4.02,Ace Books,Hardcover,277,2008,2008,,2025/10/13,to-read,to-read (#280),to-read,,,,0,0
165940202,"A Fate Inked in Blood (Saga of the Unfated, #1)",Danielle L. Jensen,"Jensen, Danielle L.",,"=""0593599837""","=""9780593599839""",0,3.92,Del Rey,Hardcover,419,2024,2024,,2025/10/13,to-read,to-read (#279),to-read,,,,0,0
28695606,FantasticLand,Mike Bockoven,"Bockoven, Mike",,"=""1510709444""","=""9781510709447""",0,3.84,Skyhorse Publishing,Hardcover,272,2016,2016,,2025/10/11,to-read,to-read (#278),to-read,,,,0,0
20820994,I'll Give You the Sun,Jandy Nelson,"Nelson, Jandy",,"=""0803734964""","=""9780803734968""",0,4.15,Dial Books,Hardcover,371,2014,2014,,2025/10/10,to-read,to-read (#277),to-read,,,,0,0
195791081,Asunder,Kerstin  Hall,"Hall, Kerstin",,"=""1250625432""","=""9781250625434""",0,4.12,Tordotcom,Hardcover,432,2024,2024,,2025/10/10,to-read,to-read (#276),to-read,,,,0,0
58411935,Fairydale,Veronica Lancet,"Lancet, Veronica",,"=""""","=""""",0,3.81,VL Books,Kindle Edition,772,2022,2022,,2025/10/09,to-read,to-read (#275),to-read,,,,0,0
58416952,"The Will of the Many (Hierarchy, #1)",James  Islington,"Islington, James",,"=""1982141190""","=""9781982141196""",0,4.60,Gallery / Saga Press,Kindle Edition,639,2023,2023,,2025/10/09,to-read,to-read (#274),to-read,,,,0,0
55145261,The Anthropocene Reviewed: Essays on a Human-Centered Planet,John Green,"Green, John",,"=""0525555218""","=""9780525555216""",0,4.35,Dutton,Hardcover,304,2021,2021,,2025/10/09,to-read,to-read (#273),to-read,,,,0,0
24800,House of Leaves,Mark Z. Danielewski,"Danielewski, Mark Z.",,"=""""","=""""",0,4.09,Random House,Paperback,710,2000,2000,,2025/10/09,to-read,to-read (#272),to-read,,,,0,0
64623481,The September House,Carissa Orlando,"Orlando, Carissa",,"=""0593548612""","=""9780593548615""",0,3.87,Berkley,Hardcover,344,2023,2023,,2025/10/08,to-read,to-read (#271),to-read,,,,0,0
54319549,"A Kingdom of Flesh and Fire (Blood and Ash, #2)",Jennifer L. Armentrout,"Armentrout, Jennifer L.",,"=""1952457106""","=""9781952457104""",5,4.32,Blue Box Press,Kindle Edition,637,2020,2020,2025/10/08,2025/10/04,,,read,,,,1,0
212342605,Hungerstone,Kat Dunn,"Dunn, Kat",,"=""1638932166""","=""9781638932161""",0,3.94,Zando,Hardcover,336,2025,2025,,2025/10/08,to-read,to-read (#270),to-read,,,,0,0
193544852,My Darling Dreadful Thing,Johanna van Veen,"Veen, Johanna van",,"=""1728281547""","=""9781728281544""",0,3.85,Poisoned Pen Press,Paperback,375,2024,2024,,2025/10/08,to-read,to-read (#269),to-read,,,,0,0
247000,The Mezzanine,Nicholson Baker,"Baker, Nicholson",,"=""0679725768""","=""9780679725763""",0,3.83,Vintage,Paperback,135,1990,1988,,2025/10/07,to-read,to-read (#268),to-read,,,,0,0
60658710,"Ruthless Creatures (Queens & Monsters, #1)",J.T. Geissinger,"Geissinger, J.T.",,"=""""","=""9798985316810""",0,4.04,J.T. Geissinger Inc.,Paperback,376,2021,2021,,2025/10/06,to-read,to-read (#267),to-read,,,,0,0
52831200,"From Blood and Ash (Blood and Ash, #1)",Jennifer L. Armentrout,"Armentrout, Jennifer L.",,"=""1952457017""","=""9781952457012""",5,4.22,Blue Box Press,ebook,622,2020,2020,2025/10/04,2024/01/29,,,read,,,,1,0
225699786,The Everlasting,Alix E. Harrow,"Harrow, Alix E.",,"=""1250799082""","=""9781250799081""",0,4.55,Tor Books,Hardcover,320,2025,2025,,2025/10/03,to-read,to-read (#266),to-read,,,,0,0
147243,"Touching Spirit Bear (Spirit Bear, #1)",Ben Mikaelsen,"Mikaelsen, Ben",,"=""0060734000""","=""9780060734008""",0,3.86,HarperCollins,Mass Market Paperback,289,2005,2001,,2025/10/01,to-read,to-read (#265),to-read,,,,0,0
6693658,The Divine Farce,Michael S.A. Graziano,"Graziano, Michael S.A.",,"=""1935248049""","=""9781935248040""",4,4.18,Leapfrog Press,Paperback,128,2009,2009,2025/09/30,2025/03/08,,,read,,,,1,0
217959489,Watch Me (Shatter Me: The New Republic #1),Tahereh Mafi,"Mafi, Tahereh",,"=""0008718156""","=""9780008718152""",4,4.27,Electric Monkey,Kindle Edition,368,2025,2025,2025/09/30,2025/09/29,,,read,,,,1,0
208159162,Lost in the Garden,Adam S. Leslie,"Leslie, Adam S.",,"=""1915368480""","=""9781915368485""",0,3.52,Dead Ink Books,Paperback,446,2024,2024,,2025/09/30,to-read,to-read (#264),to-read,,,,0,0
239304864,Willow Rose,M. Kevin  Hayden,"Hayden, M. Kevin",,"=""""","=""9798992780543""",0,3.86,Muse of the Moon Books,Hardcover,206,2025,,,2025/09/29,to-read,to-read (#263),to-read,,,,0,0
221604746,The House Saphir,Marissa Meyer,"Meyer, Marissa",,"=""125032095X""","=""9781250320957""",0,4.11,Feiwel & Friends,Hardcover,432,2025,2025,,2025/09/29,to-read,to-read (#262),to-read,,,,0,0
211004924,"Firebird (The Fire That Binds, #1)",Juliette Cross,"Cross, Juliette",,"=""1250339944""","=""9781250339942""",0,3.68,Bramble,Hardcover,400,2025,2025,,2025/09/29,to-read,to-read (#261),to-read,,,,0,0
58517502,"Believe Me (Shatter Me, #6.5)",Tahereh Mafi,"Mafi, Tahereh",,"=""0063228319""","=""9780063228313""",5,4.11,HarperCollins,Paperback,177,2021,2021,2025/09/29,2025/09/29,,,read,,,,1,0
44054122,"Imagine Me (Shatter Me, #6)",Tahereh Mafi,"Mafi, Tahereh",,"=""006267644X""","=""9780062676443""",4,4.01,HarperCollins,ebook,450,2020,2020,2025/09/28,2025/09/25,,,read,,,,1,0
222683916,Exiles,Mason Coile,"Coile, Mason",Andrew Pyper,"=""0593851633""","=""9780593851630""",0,3.76,G.P. Putnam's Sons,Hardcover,224,2025,2025,,2025/09/27,to-read,to-read (#260),to-read,,,,0,0
20518872,"The Three-Body Problem (Remembrance of Earth’s Past, #1)",Liu Cixin,"Cixin, Liu",Ken Liu,"=""""","=""""",0,4.08,Tor Books,Hardcover,472,2014,2006,,2025/09/27,to-read,to-read (#259),to-read,,,,0,0
61431922,"Fourth Wing (The Empyrean, #1)",Rebecca Yarros,"Yarros, Rebecca",,"=""1649374046""","=""9781649374042""",5,4.57,Entangled: Red Tower Books,Hardcover,517,2023,2023,,2025/01/03,,,read,,,,2,0
60701439,Big Swiss,Jen Beagin,"Beagin, Jen",,"=""1982153083""","=""9781982153083""",0,3.68,Scribner,Hardcover,336,2023,2023,,2025/09/25,to-read,to-read (#258),to-read,,,,0,0
43514655,"Reveal Me (Shatter Me, #5.5)",Tahereh Mafi,"Mafi, Tahereh",,"=""""","=""""",4,3.96,Storytide,Kindle Edition,112,2019,2019,2025/09/25,2025/09/25,,,read,,,,1,0
222376601,Spread Me,Sarah Gailey,"Gailey, Sarah",,"=""1250387337""","=""9781250387332""",0,3.48,Tor Nightfire,Hardcover,208,2025,2025,,2025/09/25,to-read,to-read (#257),to-read,,,,0,0
201242757,You Like It Darker,Stephen        King,"King, Stephen",,"=""1668037718""","=""9781668037713""",0,4.20,Scribner,Hardcover,512,2024,2024,,2025/09/25,to-read,to-read (#256),to-read,,,,0,0
34992959,"Defy Me (Shatter Me, #5)",Tahereh Mafi,"Mafi, Tahereh",,"=""0062676393""","=""9780062676399""",5,4.27,HarperTeen,Hardcover,357,2019,2019,2025/09/24,2025/09/24,,,read,,,,1,0
40863452,"Shadow Me (Shatter Me, #4.5)",Tahereh Mafi,"Mafi, Tahereh",,"=""0062906267""","=""9780062906267""",4,3.96,HarperCollins,Kindle Edition,69,2019,2019,2025/09/23,2025/09/23,,,read,,,,1,0
34992929,"Restore Me (Shatter Me, #4)",Tahereh Mafi,"Mafi, Tahereh",,"=""0062676369""","=""9780062676368""",4,4.14,HarperCollins,Hardcover,448,2018,2018,2025/09/23,2025/09/19,,,read,,,,1,0
122953929,"Between Life and Death (Between Life and Death, #1)",Jaclyn Kot,"Kot, Jaclyn",,"=""1738702227""","=""9781738702220""",0,3.85,,Kindle Edition,463,2023,2023,,2025/09/21,to-read,to-read (#255),to-read,,,,0,0
35959740,Circe,Madeline Miller,"Miller, Madeline",,"=""0316556343""","=""9780316556347""",5,4.22,"Little, Brown and Company",Hardcover,393,2018,2018,2025/04/11,2024/02/20,,,read,,,,1,0
7260188,"Mockingjay (The Hunger Games, #3)",Suzanne Collins,"Collins, Suzanne",,"=""0439023513""","=""9780439023511""",0,4.12,Scholastic Press,Hardcover,390,2010,2010,2025/03/16,2024/02/01,,,read,,,,1,0
29901930,The Fisherman,John  Langan,"Langan, John",,"=""1939905214""","=""9781939905215""",0,3.85,Word Horde,Paperback,266,2016,2016,,2025/09/19,to-read,to-read (#254),to-read,,,,0,0
13188676,"Ignite Me (Shatter Me, #3)",Tahereh Mafi,"Mafi, Tahereh",,"=""006208559X""","=""9780062085597""",5,4.45,HarperCollins ,Kindle Edition,408,2014,2014,2025/09/19,2025/09/17,,,read,,,,1,0
17331518,"Fracture Me (Shatter Me, #2.5)",Tahereh Mafi,"Mafi, Tahereh",,"=""0062284835""","=""9780062284839""",4,3.34,HarperCollins,Kindle Edition,72,2013,2013,2025/09/17,2025/09/17,,,read,,,,1,0
18089977,"Unravel Me (Shatter Me, #2)",Tahereh Mafi,"Mafi, Tahereh",,"=""0062085549""","=""9780062085542""",4,4.10,Storytide,Paperback,461,2013,2013,2025/09/17,2025/09/15,,,read,,,,1,0
13623150,"Destroy Me (Shatter Me, #1.5)",Tahereh Mafi,"Mafi, Tahereh",,"=""0062208195""","=""9780062208194""",4,3.95,Harper,Kindle Edition,111,2012,2012,2025/09/15,2025/09/15,,,read,,,,1,0
37642300,"Shatter Me (Shatter Me, #1)",Tahereh Mafi,"Mafi, Tahereh",,"=""""","=""""",4,3.84,HarperCollins,Kindle Edition,339,2017,2011,2025/09/15,2025/01/14,,,read,,,,1,0
222818703,"Spellcaster (Weatherstone College, #1)",Jaymin Eve,"Eve, Jaymin",,"=""1335472002""","=""9781335472007""",0,3.91,MIRA,Paperback,336,2025,2025,,2025/09/11,to-read,to-read (#253),to-read,,,,0,0
209080212,The Long Walk,Richard  Bachman,"Bachman, Richard",Stephen        King,"=""""","=""""",3,4.03,Scribner,Kindle Edition,400,2016,1978,2025/09/10,2025/03/11,,,read,,,,1,0
40045986,The Last Letter,Rebecca Yarros,"Yarros, Rebecca",,"=""1640635335""","=""9781640635333""",4,4.49,Entangled: Amara,Paperback,426,2019,2019,2025/08/30,2025/08/26,,,read,,,,1,0
200982373,Don't Let the Forest In,C.G. Drews,"Drews, C.G.",,"=""1250895669""","=""9781250895660""",0,4.08,Feiwel & Friends,Hardcover,336,2024,2024,,2025/08/28,to-read,to-read (#252),to-read,,,,0,0
222697645,Project Hail Mary,Andy Weir,"Weir, Andy",,"=""0593135210""","=""9780593135211""",5,4.50,Ballantine Books,Kindle Edition,482,2021,2021,2025/08/28,2024/06/13,,,read,,,,1,0
222853872,The Fallen and the Kiss of Dusk (Crowns of Nyaxia #4),Carissa Broadbent,"Broadbent, Carissa",,"=""""","=""""",5,4.00,,Kindle Edition,638,2025,2025,2025/08/25,2025/08/20,,,read,,,,1,0
221228062,House of the Beast,Michelle  Wong,"Wong, Michelle",,"=""0063446251""","=""9780063446250""",0,3.95,Harper Voyager,Hardcover,464,2025,2025,,2025/08/22,to-read,to-read (#251),to-read,,,,0,0
220161171,"Fearful (The Powerless Trilogy, #3.5)",Lauren  Roberts,"Roberts, Lauren",,"=""166597107X""","=""9781665971072""",0,3.39,Simon & Schuster Books for Young Readers,Hardcover,224,2025,2025,,2025/08/21,to-read,to-read (#250),to-read,,,,0,0
210134467,"The Songbird & the Heart of Stone (Crowns of Nyaxia, #3)",Carissa Broadbent,"Broadbent, Carissa",,"=""""","=""""",5,4.06,Bramble Romance,Kindle Edition,498,2024,2024,2025/08/20,2025/08/10,,,read,,,,1,0
56791389,"Dungeon Crawler Carl (Dungeon Crawler Carl, #1)",Matt Dinniman,"Dinniman, Matt",,"=""""","=""""",0,4.49,Dandy House,Kindle Edition,446,2020,2020,,2025/08/19,to-read,to-read (#249),to-read,,,,0,0
209823382,Tell Me What You Did,Carter   Wilson,"Wilson, Carter",,"=""1464226229""","=""9781464226229""",0,3.72,Poisoned Pen Press,Paperback,420,2025,2025,,2025/08/15,to-read,to-read (#248),to-read,,,,0,0
58446227,Sea of Tranquility,Emily St. John Mandel,"Mandel, Emily St. John",,"=""0593321448""","=""9780593321447""",0,4.06,Knopf,Hardcover,259,2022,2022,,2025/08/11,to-read,to-read (#247),to-read,,,,0,0
239937277,"The Lion and the Deathless Dark (Crowns of Nyaxia, #5)",Carissa Broadbent,"Broadbent, Carissa",,"=""""","=""""",0,4.00,,Kindle Edition,,2026,2026,,2025/08/11,to-read,to-read (#246),to-read,,,,0,0
123368729,Slaying the Vampire Conqueror,Carissa Broadbent,"Broadbent, Carissa",,"=""""","=""""",5,4.11,Amazon Digital Services,Kindle Edition,369,2023,2023,2025/08/10,2025/08/04,,,read,,,,1,0
37004370,The Memory Police,Yōko Ogawa,"Ogawa, Yōko",Stephen    Snyder,"=""1101870605""","=""9781101870600""",0,3.70,Pantheon,Hardcover,274,2019,1994,,2025/08/08,to-read,to-read (#245),to-read,,,,0,0
217245572,"Silver Elite (Silver Elite, #1)",Dani Francis,"Francis, Dani",,"=""059387546X""","=""9780593875469""",0,4.10,Del Rey,Hardcover,516,2025,2025,,2025/08/08,to-read,to-read (#244),to-read,,,,0,0
27189194,One True Loves,Taylor Jenkins Reid,"Reid, Taylor Jenkins",,"=""""","=""""",0,4.02,Washington Square Press,Kindle Edition,352,2016,2016,,2025/08/05,to-read,to-read (#243),to-read,,,,0,0
62335396,"The Ashes & the Star-Cursed King (Crowns of Nyaxia, #2)",Carissa Broadbent,"Broadbent, Carissa",,"=""""","=""""",5,4.07,,Kindle Edition,626,2023,2023,2025/08/04,2025/07/28,,,read,,,,1,0
208197094,A Liar's Twisted Tongue (The Fated Blood Trilogy #1),Caroline Cusanelli,"Cusanelli, Caroline",,"=""""","=""9798990027800""",0,3.37,Caroline Cusanelli,Paperback,616,2025,,,2025/07/30,to-read,to-read (#242),to-read,,,,0,0
199743738,The Midnight Feast,Lucy Foley,"Foley, Lucy",,"=""0063003104""","=""9780063003101""",0,3.58,William Morrow,Hardcover,354,2024,2024,,2025/07/29,to-read,to-read (#241),to-read,,,,0,0
58468990,The Paris Apartment,Lucy Foley,"Foley, Lucy",,"=""0063003058""","=""9780063003057""",0,3.65,William Morrow,Hardcover,360,2022,2022,,2025/07/29,to-read,to-read (#240),to-read,,,,0,0
52656911,The Guest List,Lucy Foley,"Foley, Lucy",,"=""""","=""""",0,3.80,William Morrow,Kindle Edition,319,2020,2020,,2025/07/29,to-read,to-read (#239),to-read,,,,0,0
7624,Lord of the Flies,William Golding,"Golding, William",,"=""0140283331""","=""9780140283334""",0,3.70,Penguin Books ,Paperback,182,1999,1954,,2025/07/29,to-read,to-read (#238),to-read,,,,0,0
58784475,"Tomorrow, and Tomorrow, and Tomorrow",Gabrielle Zevin,"Zevin, Gabrielle",,"=""0735243344""","=""9780735243347""",0,4.12,Knopf,Hardcover,401,2022,2022,,2025/07/28,to-read,to-read (#237),to-read,,,,0,0
123027751,"Six Scorched Roses (Crowns of Nyaxia, #1.5)",Carissa Broadbent,"Broadbent, Carissa",,"=""""","=""""",5,4.24,,Kindle Edition,187,2023,2023,2025/07/28,2025/07/28,,,read,,,,1,0
223636650,Holy Wrath,Victoria Mier,"Mier, Victoria",,"=""""","=""""",0,4.15,,Kindle Edition,476,2025,2025,,2025/07/28,to-read,to-read (#236),to-read,,,,0,0
60714999,"The Serpent and the Wings of Night (Crowns of Nyaxia, #1)",Carissa Broadbent,"Broadbent, Carissa",,"=""""","=""""",4,4.27,Independently Published,Kindle Edition,504,2022,2022,2025/07/27,2024/03/05,,,read,,,,1,0
222946916,"For Whom the Belle Tolls (Hell's Belles, #1)",Jaysea Lynn,"Lynn, Jaysea",,"=""""","=""9798991230506""",0,4.46,Jaysea Lynn Williams,Kindle Edition,695,2024,2025,,2025/07/25,to-read,to-read (#235),to-read,,,,0,0
17674968,The Necromancer's House,Christopher Buehlman,"Buehlman, Christopher",,"=""0425256650""","=""9780425256657""",0,3.76,Ace,Hardcover,410,2013,2013,,2025/07/25,to-read,to-read (#234),to-read,,,,0,0
49826643,"Daughter of No Worlds (The War of Lost Hearts, #1)",Carissa Broadbent,"Broadbent, Carissa",,"=""""","=""""",0,4.02,,Kindle Edition,520,2020,2020,,2025/07/23,to-read,to-read (#233),to-read,,,,0,0
33784346,"The Last Wish (The Witcher, #0.5)",Andrzej Sapkowski,"Sapkowski, Andrzej",,"=""0316438960""","=""9780316438964""",0,4.14,Orbit,Paperback,320,2017,1993,,2024/01/29,to-read,to-read (#31),to-read,,,,0,0
216867498,The Lamb,Lucy   Rose,"Rose, Lucy",,"=""1399619713""","=""9781399619714""",0,3.80,W&N,Hardcover,336,2025,2025,,2025/07/08,to-read,to-read (#232),to-read,,,,0,0
62232755,"Throne in the Dark (Villains & Virtues, #1)",A.K. Caggiano,"Caggiano, A.K.",,"=""""","=""""",0,4.08,,Kindle Edition,459,2022,2022,,2025/06/30,to-read,to-read (#231),to-read,,,,0,0
205435930,"Bull Moon Rising (Royal Artifactual Guild, #1)",Ruby Dixon,"Dixon, Ruby",,"=""0593817028""","=""9780593817025""",0,3.92,Ace,Hardcover,432,2024,2024,,2025/05/29,to-read,to-read (#230),to-read,,,,0,0
217171544,"Shield of Sparrows (Shield of Sparrows, #1)",Devney Perry,"Perry, Devney",,"=""1649378513""","=""9781649378514""",0,4.41,Entangled: Red Tower Books,Hardcover,528,2025,2025,,2025/05/29,to-read,to-read (#229),to-read,,,,0,0
63890424,"The Stars Are Dying (Nytefall, #1)",C.C. Peñaranda,"Peñaranda, C.C.",,"=""1915534046""","=""9781915534040""",0,3.43,Lumarias Press,Kindle Edition,566,2023,2023,,2025/05/29,to-read,to-read (#228),to-read,,,,0,0
36512332,Flowers for Algernon,Daniel Keyes,"Keyes, Daniel",,"=""""","=""""",0,4.23,Mariner Books,ebook,219,2007,1966,,2024/05/23,currently-reading,currently-reading (#4),currently-reading,,,,1,0
17934530,"Annihilation (Southern Reach, #1)",Jeff VanderMeer,"VanderMeer, Jeff",,"=""0374104093""","=""9780374104092""",0,3.79,"Farrar, Straus and Giroux",Paperback,195,2014,2014,,2024/01/29,currently-reading,currently-reading (#3),currently-reading,,,,1,0
32855689,You Should Have Left,Daniel Kehlmann,"Kehlmann, Daniel",DaNi,"=""1101871989""","=""9781101871980""",4,3.41,Vintage,Kindle Edition,113,2017,2016,2025/05/15,2025/03/12,,,read,,,,1,0
214907249,"Fearless (The Powerless Trilogy, #3)",Lauren  Roberts,"Roberts, Lauren",,"=""""","=""""",4,4.08,Simon & Schuster Children's UK,Kindle Edition,608,2025,2025,2025/05/08,2025/04/12,,,read,,,,1,0
54698696,Meet Me in Another Life,Catriona Silvey,"Silvey, Catriona",,"=""0063020203""","=""9780063020207""",0,3.73,William Morrow,Hardcover,320,2021,2021,,2025/04/28,to-read,to-read (#227),to-read,,,,0,0
36118682,"Wicked Saints (Something Dark and Holy, #1)",Emily A. Duncan,"Duncan, Emily A.",,"=""1250195667""","=""9781250195661""",0,3.56,Wednesday Books,Hardcover,385,2019,2019,,2025/04/28,to-read,to-read (#226),to-read,,,,0,0
40718386,The Passengers,John Marrs,"Marrs, John",,"=""1473558522""","=""9781473558526""",0,4.06,Ebury Digital,ebook,400,2019,2019,,2025/04/21,to-read,to-read (#225),to-read,,,,0,0
228665,"The Eye of the World (The Wheel of Time, #1)",Robert Jordan,"Jordan, Robert",,"=""0812511816""","=""9780812511819""",0,4.19,Tor Books,Mass Market Paperback,800,1990,1990,,2025/04/20,to-read,to-read (#224),to-read,,,,0,0
112750,"Darkfever (Fever, #1)",Karen Marie Moning,"Moning, Karen Marie",,"=""0385339151""","=""9780385339155""",0,4.05,Delacorte Press,Hardcover,309,2006,2006,,2025/04/18,to-read,to-read (#223),to-read,,,,0,0
35155381,"Song of the Forever Rains (Mousai, #1)",E.J. Mellow,"Mellow, E.J.",,"=""1542026059""","=""""",0,3.92,Montlake,Kindle Edition,423,2021,2021,,2025/04/18,to-read,to-read (#222),to-read,,,,0,0
53968496,"The Prison Healer (The Prison Healer, #1)",Lynette Noni,"Noni, Lynette",,"=""0358434556""","=""9780358434559""",0,4.17,Clarion Books,Hardcover,416,2021,2021,,2025/04/18,to-read,to-read (#221),to-read,,,,0,0
59479184,"Nightshade (Nightshade, #1)",Keri Lake,"Lake, Keri",,"=""""","=""9798753529800""",0,3.98,Independently published,Paperback,676,2021,2021,,2025/04/18,to-read,to-read (#220),to-read,,,,0,0
211004124,Gifted & Talented,Olivie Blake,"Blake, Olivie",,"=""1250883407""","=""9781250883407""",0,3.55,Tor Books,Hardcover,512,2025,2025,,2025/04/18,to-read,to-read (#219),to-read,,,,0,0
60880813,The Things We Do to Our Friends,Heather Darwent,"Darwent, Heather",,"=""0593497163""","=""9780593497166""",0,3.19,Bantam,Hardcover,336,2023,2023,,2025/04/18,to-read,to-read (#218),to-read,,,,0,0
36530830,Daughters of the Lake,Wendy     Webb,"Webb, Wendy",,"=""1503956342""","=""9781503956346""",0,4.01,Lake Union Publishing,Kindle Edition,321,2018,2018,,2025/04/18,to-read,to-read (#217),to-read,,,,0,0
18509623,"The Girl from the Well (The Girl from the Well, #1)",Rin Chupeco,"Chupeco, Rin",,"=""140229218X""","=""9781402292187""",0,3.82,Sourcebooks Fire,Hardcover,267,2014,2014,,2025/04/17,to-read,to-read (#216),to-read,,,,1,0
203840597,"Powerful (The Powerless Trilogy, #1.5)",Lauren  Roberts,"Roberts, Lauren",,"=""""","=""""",3,4.12,Simon & Schuster Children's UK,Kindle Edition,272,2024,2024,2025/04/17,2025/04/16,,,read,,,,1,0
222953258,"Depths of Vanalf (Grimnir Chronicles, #1)",Brady Hunsaker,"Hunsaker, Brady",,"=""""","=""""",0,4.03,,Kindle Edition,446,2025,,,2025/04/16,to-read,to-read (#215),to-read,,,,0,0
40940649,I Am Legend,Richard Matheson,"Matheson, Richard",,"=""0795315635""","=""9780795315633""",3,4.05, RosettaBooks ,Kindle Edition,101,2011,1954,2025/04/12,2024/03/21,,,read,,,,1,0
209439468,The City in Glass,Nghi Vo,"Vo, Nghi",,"=""1250348277""","=""9781250348272""",0,3.70,Tordotcom,Hardcover,216,2024,2024,,2025/04/12,to-read,to-read (#214),to-read,,,,0,0
14578407,Penpal,Dathan Auerbach,"Auerbach, Dathan",,"=""098554550X""","=""9780985545505""",0,3.86,1000Vultures,Paperback,242,2012,2012,,2025/04/11,to-read,to-read (#213),to-read,,,,0,0
52028992,Negative Space,B.R. Yeager,"Yeager, B.R.",,"=""1733569456""","=""9781733569453""",0,3.70,Apocalypse Party,Paperback,364,2020,2020,,2025/04/11,to-read,to-read (#212),to-read,,,,0,0
199757490,Incidents Around the House,Josh Malerman,"Malerman, Josh",,"=""0593723120""","=""9780593723128""",0,3.58,Del Rey,Hardcover,367,2024,2024,,2025/04/11,to-read,to-read (#211),to-read,,,,0,0
220772,Come Closer,Sara Gran,"Gran, Sara",,"=""0425210316""","=""9780425210314""",0,3.66,Berkley Trade,Paperback,194,2006,2003,,2025/04/11,to-read,to-read (#210),to-read,,,,0,0
53285047,"Bunny (Bunny, #1)",Mona Awad,"Awad, Mona",,"=""0525559752""","=""9780525559757""",0,3.47,Penguin Books,Paperback,305,2020,2019,,2025/04/07,to-read,to-read (#209),to-read,,,,0,0
61237041,"The Foxglove King (The Nightshade Crown, #1)",Hannah F. Whitten,"Whitten, Hannah F.",,"=""031643499X""","=""9780316434997""",0,3.76,Orbit,Hardcover,467,2023,2023,,2025/04/05,to-read,to-read (#208),to-read,,,,0,0
52397,"Parable of the Sower (Earthseed, #1)",Octavia E. Butler,"Butler, Octavia E.",,"=""0446675504""","=""9780446675505""",0,4.20,Grand Central Publishing,Paperback,345,2000,1993,,2025/04/04,to-read,to-read (#207),to-read,,,,0,0
40698027,A Boy and His Dog at the End of the World,C.A. Fletcher,"Fletcher, C.A.",,"=""0316449458""","=""9780316449458""",0,4.15,Orbit,Hardcover,365,2019,2019,,2025/04/01,to-read,to-read (#206),to-read,,,,0,0
31451186,"Borne (Borne, #1)",Jeff VanderMeer,"VanderMeer, Jeff",,"=""0374115249""","=""9780374115241""",0,3.93,"MCD / Farrar, Straus and Giroux ",Hardcover,323,2017,2017,,2025/04/01,to-read,to-read (#205),to-read,,,,0,0
40864002,"A Psalm for the Wild-Built (Monk & Robot, #1)",Becky Chambers,"Chambers, Becky",,"=""""","=""""",0,4.22,Tordotcom,ebook,151,2021,2021,,2025/04/01,to-read,to-read (#204),to-read,,,,0,0
210395729,Our Infinite Fates,Laura   Steven,"Steven, Laura",,"=""1250333881""","=""9781250333889""",0,3.67,Wednesday Books,Hardcover,352,2025,2025,,2025/04/01,to-read,to-read (#203),to-read,,,,0,0
27833803,The Hike,Drew Magary,"Magary, Drew",,"=""0399563857""","=""9780399563850""",0,3.97,Viking,Hardcover,278,2016,2016,,2025/03/31,to-read,to-read (#202),to-read,,,,0,0
50607309,"Reign & Ruin (Mages of the Wheel, #1)",J.D.  Evans,"Evans, J.D.",,"=""1951607015""","=""9781951607012""",0,4.20,Whippoorwill Press LLC ,Paperback,420,2020,2020,,2025/03/31,to-read,to-read (#201),to-read,,,,0,0
170448,Animal Farm,George Orwell,"Orwell, George","Russell Baker, C.M. Woodhouse","=""0451526341""","=""9780451526342""",4,4.01,Signet Classics,Mass Market Paperback,141,1996,1945,2025/03/30,2024/03/04,,,read,,,,1,0
204294822,Where I End,Sophie White,"White, Sophie",,"=""1645661857""","=""9781645661856""",0,3.83,Erewhon Books,Hardcover,241,2024,2022,,2025/03/30,to-read,to-read (#200),to-read,,,,0,0
27228341,Land of the Beautiful Dead,R. Lee Smith,"Smith, R. Lee",,"=""""","=""""",0,4.13,Red Hot Romance,Unknown Binding,751,2015,2015,,2025/03/29,to-read,to-read (#199),to-read,,,,0,0
25813942,This Tender Land,William Kent Krueger,"Krueger, William Kent",,"=""1476749299""","=""9781476749297""",0,4.39,Atria Books,Hardcover,450,2019,2019,,2025/03/29,to-read,to-read (#198),to-read,,,,0,0
13537029,The Song of Achilles,Madeline Miller,"Miller, Madeline",,"=""""","=""""",5,4.31,HarperCollins,Kindle Edition,351,2012,2011,2025/03/29,2024/02/24,,,read,,,,1,0
93269,Earth Abides,George R. Stewart,"Stewart, George R.",,"=""0345487133""","=""9780345487131""",0,3.94,Del Rey,Paperback,345,2006,1949,,2025/03/29,to-read,to-read (#197),to-read,,,,0,0
27833670,Dark Matter,Blake Crouch,"Crouch, Blake",,"=""1101904224""","=""9781101904220""",0,4.13,Ballantine Books,Hardcover,342,2016,2016,,2025/03/29,to-read,to-read (#196),to-read,,,,0,0
42046112,Recursion,Blake Crouch,"Crouch, Blake",,"=""1524759783""","=""9781524759780""",0,4.17,Crown,Hardcover,329,2019,2019,,2025/03/29,to-read,to-read (#195),to-read,,,,0,0
183086339,"Reckless (The Powerless Trilogy, #2)",Lauren  Roberts,"Roberts, Lauren",,"=""""","=""""",5,4.08,Simon & Schuster Children's UK,Kindle Edition,396,2024,2024,2025/03/26,2025/03/24,,,read,,,,1,0
54621094,The Last House on Needless Street,Catriona Ward,"Ward, Catriona",,"=""1788166167""","=""9781788166164""",0,3.82,Viper,Hardcover,337,2021,2021,,2025/03/26,to-read,to-read (#194),to-read,,,,0,0
214331246,Sunrise on the Reaping (The Hunger Games),Suzanne Collins,"Collins, Suzanne",,"=""1546171460""","=""9781546171461""",5,4.51,Scholastic Press,Hardcover,387,2025,2025,2025/03/19,2024/06/12,,,read,,,,1,0
75513900,"Powerless (The Powerless Trilogy, #1)",Lauren  Roberts,"Roberts, Lauren",,"=""""","=""""",4,4.16,,Kindle Edition,526,2023,2023,2025/03/24,2024/01/29,,,read,,,,1,0
75396525,"The Coven (Coven of Bones, #1)",Harper L. Woods,"Woods, Harper L.",,"=""""","=""""",0,3.72,,Kindle Edition,298,2023,2023,,2025/03/24,to-read,to-read (#193),to-read,,,,0,0
195853541,In Universes,Emet North,"North, Emet",,"=""0063314878""","=""9780063314870""",0,3.81,Harper,Hardcover,240,2024,2024,,2025/03/23,to-read,to-read (#192),to-read,,,,0,0
197697866,"A Game of Love and Betrayal (The Choosing Chronicles, #1)",Elayna R. Gallea,"Gallea, Elayna R.",,"=""1998219097""","=""9781998219094""",0,3.77,Amazon Digital Services,Kindle Edition,410,2024,2024,,2025/03/23,to-read,to-read (#191),to-read,,,,0,0
136276877,The Last Murder at the End of the World,Stuart Turton,"Turton, Stuart",,"=""""","=""""",0,3.67,Sourcebooks Landmark,Hardcover,368,2024,2024,,2025/03/22,to-read,to-read (#190),to-read,,,,0,0
123429195,That's Not My Name,Megan Lally,"Lally, Megan",,"=""1728270111""","=""9781728270111""",0,4.06,Sourcebooks Fire,Paperback,297,2023,2023,,2025/03/22,to-read,to-read (#189),to-read,,,,0,0
16143347,We Were Liars,E. Lockhart,"Lockhart, E.",,"=""0385741278""","=""9780385741279""",4,3.65,Delacorte Press,Paperback,320,2018,2014,2025/03/22,2025/03/21,,,read,,,,1,0
17347634,"Me Before You (Me Before You, #1)",Jojo Moyes,"Moyes, Jojo",,"=""0670026603""","=""9780670026609""",0,4.26,Pamela Dorman Books,Hardcover,369,2012,2012,,2025/03/21,to-read,to-read (#188),to-read,,,,0,0
18774964,A Man Called Ove,Fredrik Backman,"Backman, Fredrik",Henning Koch,"=""1476738017""","=""9781476738017""",0,4.38,Atria Books,Hardcover,337,2014,2012,,2025/03/21,to-read,to-read (#187),to-read,,,,0,0
60784546,"Divine Rivals (Letters of Enchantment, #1)",Rebecca   Ross,"Ross, Rebecca",,"=""1250857430""","=""9781250857439""",0,4.15,Wednesday Books,Hardcover,368,2023,2023,,2025/03/21,to-read,to-read (#186),to-read,,,,0,0
28759,"Magic's Pawn (The Last Herald-Mage, #1)",Mercedes Lackey,"Lackey, Mercedes",,"=""0886773520""","=""9780886773526""",0,4.20,DAW Books Inc,Mass Market Paperback,349,1989,1989,,2025/03/20,to-read,to-read (#185),to-read,,,,0,0
60811826,I Who Have Never Known Men,Jacqueline Harpman,"Harpman, Jacqueline","Ros Schwartz, Sophie Mackintosh","=""1945492600""","=""9781945492600""",0,4.12,Transit Books,Paperback,184,2022,1995,,2025/03/19,to-read,to-read (#184),to-read,,,,0,0
38180,On the Beach,Nevil Shute,"Shute, Nevil",,"=""""","=""""",0,3.98,House of Stratus Ltd,Paperback,296,2002,1957,,2025/03/19,to-read,to-read (#183),to-read,,,,0,0
6148028,"Catching Fire (The Hunger Games, #2)",Suzanne Collins,"Collins, Suzanne",,"=""0439023491""","=""9780439023498""",5,4.35,Scholastic Press,Hardcover,391,2009,2009,,2024/02/01,,,read,,,,2,0
59070304,Citadel,C.M. Alongi,"Alongi, C.M.",,"=""""","=""9798200836420""",0,4.34,Blackstone Publishing,Hardcover,350,2023,2023,,2025/03/13,to-read,to-read (#182),to-read,,,,0,0
64246349,To Kill a Necromancer (Blackwing #1),C.M. Alongi,"Alongi, C.M.",,"=""""","=""""",0,4.46,,Kindle Edition,88,2023,,,2025/03/13,to-read,to-read (#181),to-read,,,,0,0
38393457,"Break The Bodies, Haunt The Bones",Micah Dean Hicks,"Hicks, Micah Dean",,"=""1328566455""","=""9781328566454""",0,3.61,Harper Voyager,Hardcover,304,2019,2019,,2025/03/12,to-read,to-read (#180),to-read,,,,0,0
2767052,"The Hunger Games (The Hunger Games, #1)",Suzanne Collins,"Collins, Suzanne",,"=""0439023483""","=""9780439023481""",5,4.35,Scholastic Press,Hardcover,374,2008,2008,,2024/02/01,,,read,,,,3,0
63910262,"Two Twisted Crowns (The Shepherd King, #2)",Rachel Gillig,"Gillig, Rachel",,"=""0356519503""","=""9780356519500""",5,4.39,Orbit,Paperback,437,2023,2023,2025/03/10,2025/03/05,,,read,,,,1,0
29914932,Windows into Hell,James Wymore,"Wymore, James","Michaelbrent Collings, Mette Ivie Harrison, Jay Wilburn, Tonya Adolfson, R.A. Baxter, D.J. Butler, Sarah E Seeley, Steven L. Peck","=""1620071606""","=""9781620071601""",0,3.58,Curiosity Quills Press,Paperback,264,2016,2016,,2025/03/06,to-read,to-read (#179),to-read,,,,0,0
172366,The Library of Babel,Jorge Luis Borges,"Borges, Jorge Luis","Erik Desmazieres, Andrew Hurley, Angela Giral","=""156792123X""","=""9781567921236""",0,4.31,David R Godine Pub,Hardcover,36,2000,1941,,2025/03/06,to-read,to-read (#178),to-read,,,,0,0
341735,Replay,Ken Grimwood,"Grimwood, Ken",,"=""068816112X""","=""9780688161125""",0,4.15,William Morrow Paperbacks,Paperback,311,1998,1987,,2025/03/06,to-read,to-read (#177),to-read,,,,0,0
13456414,A Short Stay in Hell,Steven L. Peck,"Peck, Steven L.",,"=""098374842X""","=""9780983748427""",5,4.16,Strange Violin Editions,Paperback,104,2012,2011,2025/03/06,2024/04/12,,,read,,,,1,0
45892228,"Crave (Crave, #1)",Tracy Wolff,"Wolff, Tracy",,"=""1640638954""","=""9781640638952""",0,3.77,Entangled: Teen,Hardcover,575,2020,2020,,2025/03/06,to-read,to-read (#176),to-read,,,,0,0
205335957,"The Knight and the Moth (The Stonewater Kingdom, #1)",Rachel Gillig,"Gillig, Rachel",,"=""0356522962""","=""9780356522968""",0,4.30,Orbit,Hardcover,385,2025,2025,,2025/03/05,to-read,to-read (#175),to-read,,,,0,0
58340706,"One Dark Window (The Shepherd King, #1)",Rachel Gillig,"Gillig, Rachel",,"=""0316312487""","=""9780316312486""",5,4.27,Orbit,Paperback,432,2022,2022,2025/03/05,2024/04/01,,,read,,,,1,0
17855756,"Dust (Silo, #3)",Hugh Howey,"Howey, Hugh",,"=""1490904387""","=""9781490904382""",5,4.23,Broad Reach Publishing,Paperback,458,2013,2013,2025/03/02,2024/01/29,,,read,,,,1,0
40874032,"Vicious (Villains, #1)",V.E. Schwab,"Schwab, V.E.",Victoria Schwab,"=""""","=""""",0,4.19,Tor Books,Kindle Edition,402,2013,2013,,2025/02/28,to-read,to-read (#174),to-read,,,,0,0
201017011,"Lights Out (Into Darkness, #1)",Navessa Allen,"Allen, Navessa",,"=""""","=""""",0,4.11,,Kindle Edition,338,2024,2024,,2025/02/27,to-read,to-read (#173),to-read,,,,0,0
199313243,Get in My Swamp (Get in My Swamp #1),G.M. Fairy,"Fairy, G.M.",,"=""""","=""9798215196236""",0,3.08,,ebook,0,2023,,,2025/02/27,to-read,to-read (#172),to-read,,,,0,0
202076315,Bad Beehavior,G.M. Fairy,"Fairy, G.M.",,"=""""","=""""",0,3.34,G.M. Fairy Books,Kindle Edition,236,2024,,,2025/02/27,to-read,to-read (#171),to-read,,,,0,0
25128811,"Ice Planet Barbarians (Ice Planet Barbarians, #1)",Ruby Dixon,"Dixon, Ruby",,"=""""","=""""",0,3.62,Ruby Dixon,Kindle Edition,188,2015,2015,,2025/02/27,to-read,to-read (#170),to-read,,,,0,0
35187182,The Outrun,Amy Liptrot,"Liptrot, Amy",,"=""0393355594""","=""9780393355598""",0,3.97,W. W. Norton & Company,Paperback,312,2018,2015,,2025/02/26,to-read,to-read (#169),to-read,,,,0,0
17306293,"Shift (Silo, #2)",Hugh Howey,"Howey, Hugh",,"=""""","=""""",5,4.13,Broad Reach Publishing,Kindle Edition,579,2013,2013,2025/02/25,2024/01/29,,,read,,,,1,0
58763686,"Haunting Adeline (Cat and Mouse, #1)",H.D. Carlton,"Carlton, H.D.",,"=""""","=""""",3,3.94,,Kindle Edition,583,2021,2021,2025/02/24,2024/01/29,,,read,,,,1,0
60531406,Tress of the Emerald Sea,Brandon Sanderson,"Sanderson, Brandon",Howard Lyon,"=""""","=""""",0,4.33,Dragonsteel Entertainment,Kindle Edition,443,2023,2023,,2025/02/24,to-read,to-read (#168),to-read,,,,0,0
136470356,Nocticadia,Keri Lake,"Lake, Keri",,"=""""","=""""",0,4.20,,Kindle Edition,682,2023,2023,,2025/02/21,to-read,to-read (#167),to-read,,,,0,0
204593914,"Phantasma (Wicked Games, #1)",Kaylie Smith,"Smith, Kaylie",,"=""1538769255""","=""9781538769256""",0,4.06,Forever,Paperback,497,2024,2024,,2025/02/21,to-read,to-read (#166),to-read,,,,0,0
57693457,Mickey7 (Mickey7 #1),Edward Ashton,"Ashton, Edward",,"=""1250275032""","=""9781250275035""",0,3.78,St. Martin's Press,Hardcover,296,2022,2022,,2025/02/18,to-read,to-read (#165),to-read,,,,0,0
50892288,The Hollow Places,T. Kingfisher,"Kingfisher, T.",,"=""1534451129""","=""9781534451124""",0,3.79,Gallery Books,Paperback,341,2020,2020,,2025/02/17,to-read,to-read (#164),to-read,,,,0,0
127305713,"Heartless Hunter (The Crimson Moth, #1)",Kristen Ciccarelli,"Ciccarelli, Kristen",,"=""1250866901""","=""9781250866905""",0,4.18,Wednesday Books,Hardcover,406,2024,2024,,2025/02/17,to-read,to-read (#163),to-read,,,,0,0
50663055,Elder Race,Adrian Tchaikovsky,"Tchaikovsky, Adrian",,"=""1250768721""","=""9781250768728""",0,4.09,Tordotcom,Paperback,199,2021,2021,,2025/02/16,to-read,to-read (#162),to-read,,,,0,0
57748116,"Satan's Affair (Cat and Mouse, #0.5)",H.D. Carlton,"Carlton, H.D.",,"=""""","=""""",3,3.71,Independently Published,Kindle Edition,197,2021,2021,2025/02/16,2025/02/16,,,read,,,,1,0
59023378,"Wool (Silo Trilogy, #1)",Hugh Howey,"Howey, Hugh",,"=""""","=""""",4,4.23,John Joseph Adams/Houghton Mifflin Harcourt,ebook,584,2020,2012,2025/02/14,2024/01/29,,,read,,,,1,0
1934,"Little Women (Little Women, #1)",Louisa May Alcott,"Alcott, Louisa May","Marta Fihel, Grzegorz Komerski, Regina Barreca","=""""","=""""",0,4.17,Signet Classics,Mass Market Paperback,449,2004,1868,,2025/02/11,to-read,to-read (#161),to-read,,,,0,0
26892110,The Library at Mount Char,Scott  Hawkins,"Hawkins, Scott",,"=""0553418629""","=""9780553418620""",0,4.06,Crown,Paperback,390,2016,2015,,2025/02/10,to-read,to-read (#160),to-read,,,,0,0
34311452,"Year One (Chronicles of The One, #1)",Nora Roberts,"Roberts, Nora",,"=""1250122953""","=""9781250122957""",0,4.06,St. Martin's Press,Hardcover,419,2017,2017,,2025/02/07,to-read,to-read (#159),to-read,,,,0,0
56179338,"All of Us Villains (All of Us Villains, #1)",Amanda Foody,"Foody, Amanda",C.L. Herman,"=""1250789257""","=""9781250789259""",0,3.85,Tor Teen,Hardcover,400,2021,2021,,2025/02/07,to-read,to-read (#158),to-read,,,,0,0
20613761,Citizen: An American Lyric,Claudia Rankine,"Rankine, Claudia",,"=""1555976905""","=""9781555976903""",0,4.25,Graywolf Press,Paperback,169,2014,2014,,2025/02/06,to-read,to-read (#157),to-read,,,,0,0
16086362,"The Park Service (Park Service Trilogy, #1)",Ryan Winfield,"Winfield, Ryan",,"=""0988348209""","=""9780988348202""",0,3.73,Birch Paper Press,Paperback,338,2012,2012,,2025/02/03,to-read,to-read (#156),to-read,,,,0,0
13928,"Daughter of the Forest  (Sevenwaters, #1)",Juliet Marillier,"Marillier, Juliet",,"=""""","=""""",0,4.29,Tom Doherty Associates,Mass Market Paperback,554,2002,1999,,2025/01/28,to-read,to-read (#155),to-read,,,,0,0
209439446,"Onyx Storm (The Empyrean, #3)",Rebecca Yarros,"Yarros, Rebecca",,"=""1649374186""","=""9781649374189""",5,4.21,Red Tower Books,Hardcover,544,2025,2025,2025/01/27,2025/01/21,,,read,,,,1,0
50523477,"The Jasmine Throne (The Burning Kingdoms, #1)",Tasha Suri,"Suri, Tasha",,"=""0356515648""","=""9780356515649""",0,4.11,Orbit,Paperback,533,2021,2021,,2025/01/27,to-read,to-read (#154),to-read,,,,0,0
60568206,The Sun and the Void (The Warring Gods #1),Gabriela Romero Lacruz,"Lacruz, Gabriela Romero",,"=""0316336440""","=""9780316336444""",0,3.30,Orbit,Paperback,511,2023,2023,,2025/01/27,to-read,to-read (#153),to-read,,,,0,0
68428,"Mistborn: The Final Empire (Mistborn, #1)",Brandon Sanderson,"Sanderson, Brandon",,"=""""","=""9780765311788""",0,4.49,Tor Books,Hardcover,541,2006,2006,,2025/01/26,to-read,to-read (#152),to-read,,,,0,0
54513688,"Realm Breaker (Realm Breaker, #1)",Victoria Aveyard,"Aveyard, Victoria",,"=""""","=""""",0,3.58,Orion Publishing,ebook,576,2021,2021,,2025/01/22,to-read,to-read (#151),to-read,,,,0,0
61439818,"Eden Rising (The Dark Sanctuary, #1)",Shade Owens,"Owens, Shade",,"=""""","=""""",0,4.03,Red Raven Publishing,Kindle Edition,419,2022,,,2025/01/19,to-read,to-read (#150),to-read,,,,0,0
10108463,The Devil All the Time,Donald Ray Pollock,"Pollock, Donald Ray",,"=""038553504X""","=""9780385535045""",0,4.14,Doubleday,Hardcover,261,2011,2011,,2025/01/16,to-read,to-read (#149),to-read,,,,0,0
50659467,"A Court of Thorns and Roses (A Court of Thorns and Roses, #1)",Sarah J. Maas,"Maas, Sarah J.",,"=""1635575567""","=""9781635575569""",5,4.16,Bloomsbury Publishing,Paperback,419,2020,2015,,2024/02/01,,,read,,,,1,0
18007564,The Martian,Andy Weir,"Weir, Andy",,"=""0804139024""","=""9780804139021""",5,4.42,Ballantine Books,Hardcover,384,2014,2011,2025/01/14,2024/01/29,,,read,,,,1,0
65213595,Starling House,Alix E. Harrow,"Harrow, Alix E.",,"=""1250799058""","=""9781250799050""",0,3.78,Tor Books,Hardcover,308,2023,2023,,2025/01/14,to-read,to-read (#148),to-read,,,,0,0
90202302,"Iron Flame (The Empyrean, #2)",Rebecca Yarros,"Yarros, Rebecca",,"=""1649374178""","=""9781649374172""",5,4.36,Entangled: Red Tower Books,Hardcover,640,2023,2023,2024/04/02,2024/01/29,,,read,,,,2,0
11438,What We Talk About When We Talk About Love,Raymond Carver,"Carver, Raymond",,"=""0679723056""","=""9780679723059""",0,4.01,Vintage Contemporaries,Paperback,159,1989,1981,,2025/01/10,currently-reading,currently-reading (#2),currently-reading,,,,1,0
195790847,A Sorceress Comes to Call,T. Kingfisher,"Kingfisher, T.",,"=""1250244072""","=""9781250244079""",0,4.05,Tor Books,Hardcover,321,2024,2024,,2024/11/15,to-read,to-read (#147),to-read,,,,0,0
199798006,We Used to Live Here,Marcus Kliewer,"Kliewer, Marcus",,"=""1982198788""","=""9781982198787""",0,3.63,Atria/Emily Bestler Books,Hardcover,312,2024,2024,,2024/11/15,to-read,to-read (#146),to-read,,,,0,0
209741142,"Anathema (The Eating Woods, #1)",Keri Lake,"Lake, Keri",,"=""""","=""""",0,4.23,,Unknown Binding,690,2024,2024,,2024/10/30,to-read,to-read (#145),to-read,,,,0,0
55338982,Cultish: The Language of Fanaticism,Amanda Montell,"Montell, Amanda",,"=""0062993151""","=""9780062993151""",0,3.81,Harper,Hardcover,309,2021,2021,,2024/10/10,to-read,to-read (#144),to-read,,,,0,0
123349658,"Rain of Shadows and Endings (Legacy, #1)",Melissa K. Roehrich,"Roehrich, Melissa K.",,"=""""","=""""",0,3.99,,Kindle Edition,670,2023,2023,,2024/09/26,to-read,to-read (#143),to-read,,,,0,0
205899692,The Story Collector,Evie  Woods,"Woods, Evie",Evie Gaughan,"=""0008706662""","=""9780008706661""",0,4.00,One More Chapter,Kindle Edition,358,2024,2018,,2024/09/12,to-read,to-read (#142),to-read,,,,0,0
58733693,Remarkably Bright Creatures,Shelby Van Pelt,"Pelt, Shelby Van",,"=""0063204150""","=""9780063204157""",0,4.36,Ecco,Hardcover,368,2022,2022,,2024/09/12,to-read,to-read (#141),to-read,,,,0,0
136251,"Harry Potter and the Deathly Hallows (Harry Potter, #7)",J.K. Rowling,"Rowling, J.K.",,"=""""","=""""",0,4.62,Arthur A. Levine Books,Hardcover,759,2007,2007,,2024/01/29,currently-reading,currently-reading (#1),currently-reading,,,,1,0
113436,Eragon (The Inheritance Cycle #1),Christopher Paolini,"Paolini, Christopher",,"=""0375826696""","=""9780375826696""",0,3.96,Alfred A. Knopf,Paperback,503,2005,2002,,2024/09/07,to-read,to-read (#140),to-read,,,,0,0
1,"Harry Potter and the Half-Blood Prince (Harry Potter, #6)",J.K. Rowling,"Rowling, J.K.",,"=""""","=""""",5,4.58,Scholastic Inc,Paperback,652,2006,2005,2024/09/05,2024/01/29,,,read,,,,1,0
2,"Harry Potter and the Order of the Phoenix (Harry Potter, #5)",J.K. Rowling,"Rowling, J.K.",Mary GrandPré,"=""0439686520""","=""9780439686525""",5,4.50,Scholastic Inc.,Paperback,870,2004,2003,2024/08/31,2024/01/29,,,read,,,,1,0
9361589,The Night Circus,Erin Morgenstern,"Morgenstern, Erin",,"=""""","=""9780385534635""",0,4.00,Doubleday,Hardcover,506,2011,2011,,2024/08/25,to-read,to-read (#139),to-read,,,,0,0
43352954,This Is How You Lose the Time War,Amal El-Mohtar,"El-Mohtar, Amal",Max Gladstone,"=""""","=""""",0,3.85,Saga Press,ebook,209,2019,2019,,2024/08/25,to-read,to-read (#138),to-read,,,,0,0
6,"Harry Potter and the Goblet of Fire (Harry Potter, #4)",J.K. Rowling,"Rowling, J.K.",Mary GrandPré,"=""0439139597""","=""9780439139595""",5,4.57,Scholastic,Paperback,734,2002,2000,2024/08/24,2024/01/29,,,read,,,,1,0
16126596,The People in the Trees,Hanya Yanagihara,"Yanagihara, Hanya",,"=""0385536771""","=""9780385536776""",0,3.73,Doubleday,Hardcover,369,2013,2013,,2024/08/22,to-read,to-read (#137),to-read,,,,0,0
5,"Harry Potter and the Prisoner of Azkaban (Harry Potter, #3)",J.K. Rowling,"Rowling, J.K.",Mary GrandPré,"=""043965548X""","=""9780439655484""",5,4.58,Scholastic Inc.,Mass Market Paperback,547,2004,1999,2024/08/19,2024/01/29,,,read,,,,1,0
42844108,"The Giver (The Giver, #1)",Lois Lowry,"Lowry, Lois",,"=""""","=""""",4,4.12,Clarion Books,Kindle Edition,239,2018,1993,2024/08/18,2024/01/29,,,read,,,,1,0
17383543,"Allegiant (Divergent, #3)",Veronica Roth,"Roth, Veronica",,"=""0062209272""","=""9780062209276""",4,3.60,Katherine Tegen Books,Kindle Edition,329,2013,2013,,2024/07/03,,,read,,,,2,0
62066104,I Hope This Finds You Well,Natalie Sue,"Sue, Natalie",,"=""006332038X""","=""9780063320383""",0,3.74,William Morrow,Kindle Edition,349,2024,2024,,2024/08/15,to-read,to-read (#136),to-read,,,,0,0
40495148,Blindness,José Saramago,"Saramago, José",Giovanni Pontiero,"=""""","=""""",0,4.18,Mariner Books,Kindle Edition,349,2013,1995,,2024/08/09,to-read,to-read (#135),to-read,,,,0,0
18693763,Everything I Never Told You,Celeste Ng,"Ng, Celeste",,"=""159420571X""","=""9781594205712""",0,3.83,Penguin Press,Hardcover,297,2014,2014,,2024/08/07,to-read,to-read (#134),to-read,,,,0,0
5886881,Dark Places,Gillian Flynn,"Flynn, Gillian",,"=""0307341569""","=""9780307341563""",0,3.94,Shaye Areheart Books,Hardcover,424,2009,2009,,2024/08/07,to-read,to-read (#133),to-read,,,,0,0
25733573,Reasons to Stay Alive,Matt Haig,"Haig, Matt",,"=""0143128728""","=""9780143128724""",0,4.06,Penguin Life,Paperback,256,2016,2015,,2024/08/01,to-read,to-read (#132),to-read,,,,0,0
6514,The Bell Jar,Sylvia Plath,"Plath, Sylvia",,"=""0571268862""","=""9780571268863""",0,4.05,Harper Perennial Modern Classics,Paperback,294,2006,1963,,2024/07/23,to-read,to-read (#131),to-read,,,,0,0
7171637,"Clockwork Angel (The Infernal Devices, #1)",Cassandra Clare,"Clare, Cassandra",,"=""1416975861""","=""9781416975861""",0,4.31,Margaret K. McElderry Books,Hardcover,479,2010,2010,,2024/07/14,to-read,to-read (#130),to-read,,,,0,0
25446343,"Muse of Nightmares (Strange the Dreamer, #2)",Laini Taylor,"Taylor, Laini",,"=""0316341711""","=""9780316341714""",0,4.41,"Little, Brown Books for Young Readers",Hardcover,514,2018,2018,,2024/07/13,to-read,to-read (#129),to-read,,,,0,0
28449207,"Strange the Dreamer (Strange the Dreamer, #1)",Laini Taylor,"Taylor, Laini",,"=""0316341681""","=""9780316341684""",0,4.28,"Little, Brown Books for Young Readers",Hardcover,532,2017,2017,,2024/07/13,to-read,to-read (#128),to-read,,,,0,0
15881,"Harry Potter and the Chamber of Secrets (Harry Potter, #2)",J.K. Rowling,"Rowling, J.K.",Mary GrandPré,"=""""","=""""",4,4.43,Arthur A. Levine Books,Hardcover,352,1999,1998,2024/07/10,2024/01/29,,,read,,,,2,0
11735983,"Insurgent (Divergent, #2)",Veronica Roth,"Roth, Veronica",,"=""0007442912""","=""9780007442911""",4,3.96,HarperCollins Children's Books,Hardcover,525,2012,2012,2024/07/03,2024/06/28,,,read,,,,1,0
6339664,"Hush, Hush (Hush, Hush, #1)",Becca Fitzpatrick,"Fitzpatrick, Becca",,"=""1416989412""","=""9781416989417""",4,3.92,Simon & Schuster,Hardcover,391,2009,2009,,2024/02/01,,,read,,,,1,0
7791997,"Crescendo (Hush, Hush, #2)",Becca Fitzpatrick,"Fitzpatrick, Becca",,"=""1416989439""","=""9781416989431""",4,3.98,Simon & Schuster,Hardcover,427,2010,2010,,2024/02/01,,,read,,,,1,0
5152478,Wintergirls,Laurie Halse Anderson,"Anderson, Laurie Halse",,"=""067001110X""","=""9780670011100""",4,3.96,Viking Books for Young Readers,Hardcover,278,2009,2009,,2024/02/03,,,read,,,,1,0
131267546,To Kill a Mockingbrd,Harper Lee,"Lee, Harper",,"=""""","=""""",5,4.26,Efinito,Hardcover,300,2022,1960,,2024/02/25,,,read,,,,1,0
5107,The Catcher in the Rye,J.D. Salinger,"Salinger, J.D.",,"=""0316769177""","=""9780316769174""",5,3.80,Back Bay Books,Paperback,277,2001,1951,,2024/02/25,,,read,,,,1,0
22628,The Perks of Being a Wallflower,Stephen Chbosky,"Chbosky, Stephen",,"=""""","=""""",5,4.24,MTV Books/Pocket Books,Hardcover,213,1999,1999,,2024/02/25,,,read,,,,1,0
28132722,Harry Potter and the Sorcerer's Stone (Harry Potter #1),J.K. Rowling,"Rowling, J.K.",Olly Moss,"=""""","=""""",4,4.47,Pottermore from J.K. Rowling,ebook,309,2015,1997,2024/07/02,2024/01/29,,,read,,,,1,0
202507554,"When the Moon Hatched (Moonfall, #1)",Sarah A. Parker,"Parker, Sarah A.",,"=""""","=""""",0,4.00,,Kindle Edition,718,2024,2024,,2024/06/30,to-read,to-read (#127),to-read,,,,0,0
9717320,"Divergent (Divergent, #1)",Veronica Roth,"Roth, Veronica",,"=""""","=""""",3,4.13,Katherine Tegen Books,ebook,342,2011,2011,2024/06/28,2024/06/09,,,read,,,,1,0
131036965,"Forsaken Mate (Shifted Fates, #1)",Vasilisa Drake,"Drake, Vasilisa",,"=""""","=""""",0,3.76,,Kindle Edition,310,2023,,,2024/06/27,to-read,to-read (#126),to-read,,,,0,0
199420138,"Gleam (The Plated Prisoner, #3)",Raven Kennedy,"Kennedy, Raven",,"=""1464224439""","=""9781464224430""",5,4.38,Bloom Books,Paperback,784,2024,2021,2024/06/24,2024/06/15,,,read,,,,1,0
17210598,The Bunker Diary,Kevin Brooks,"Brooks, Kevin",,"=""0141326123""","=""9780141326122""",0,3.80,Penguin,Paperback,268,2013,2013,,2024/06/24,to-read,to-read (#125),to-read,,,,0,0
40471,Outer Dark,Cormac McCarthy,"McCarthy, Cormac",,"=""0330314920""","=""9780330314923""",0,3.89,Picador,Paperback,256,2007,1968,,2024/06/24,to-read,to-read (#124),to-read,,,,0,0
6334,Never Let Me Go,Kazuo Ishiguro,"Ishiguro, Kazuo",,"=""1400078776""","=""9781400078776""",0,3.85,Vintage Books ,Paperback,288,2010,2005,,2024/06/24,to-read,to-read (#123),to-read,,,,0,0
60310757,"Lightlark (Lightlark, #1)",Alex Aster,"Aster, Alex",,"=""1419760866""","=""9781419760860""",0,3.85,Harry N. Abrams,Hardcover,416,2022,2022,,2024/06/23,to-read,to-read (#122),to-read,,,,0,0
123471760,"Spark of the Everflame (Kindred's Curse, #1)",Penn Cole,"Cole, Penn",,"=""""","=""""",0,4.18,,Kindle Edition,438,2023,2023,,2024/06/22,to-read,to-read (#121),to-read,,,,0,0
1584974,"Lord of the Fading Lands (Tairen Soul, #1)",C.L. Wilson,"Wilson, C.L.",,"=""0843959770""","=""9780843959772""",0,3.95,Dorchester Pub Co Inc,Paperback,406,2007,2007,,2024/06/21,to-read,to-read (#120),to-read,,,,0,0
11387515,"Wonder (Wonder, #1)",R.J. Palacio,"Palacio, R.J.",,"=""0375869026""","=""9780375869020""",0,4.36,Alfred A. Knopf,Hardcover,315,2012,2012,,2024/06/18,to-read,to-read (#119),to-read,,,,0,0
196864520,"Butcher & Blackbird (The Ruinous Love Trilogy, #1)",Brynne Weaver,"Weaver, Brynne",,"=""""","=""9798857497074""",0,4.01,Independently Published,Paperback,360,2023,2023,,2024/06/16,to-read,to-read (#118),to-read,,,,0,0
61116344,"Glint  (Plated Prisoner, #2)",Raven Kennedy,"Kennedy, Raven",,"=""1405955058""","=""9781405955058""",5,4.15,Penguin,Kindle Edition,469,2022,2021,2024/06/15,2024/06/12,,,read,,,,1,0
56212081,"Gild (The Plated Prisoner, #1)",Raven Kennedy,"Kennedy, Raven",,"=""8691989076""","=""9788691989071""",4,3.60,Independently published,Paperback,386,2020,2020,2024/06/12,2024/03/11,,,read,,,,1,0
54102531,The Nickel Boys,Colson Whitehead,"Whitehead, Colson",,"=""""","=""""",5,4.25,Anchor ,Kindle Edition,210,2019,2019,2024/06/10,2024/05/23,,,read,,,,1,0
2113260,"Shades of Grey (Shades of Grey, #1)",Jasper Fforde,"Fforde, Jasper",,"=""0670019631""","=""9780670019632""",0,4.15,Viking,Hardcover,390,2009,2009,,2024/06/09,to-read,to-read (#117),to-read,,,,0,0
35900387,Eleanor Oliphant Is Completely Fine,Gail Honeyman,"Honeyman, Gail",,"=""0008172145""","=""9780008172145""",0,4.23,HarperCollins GB,Paperback,390,2018,2017,,2024/06/09,to-read,to-read (#116),to-read,,,,0,0
59820919,"City of Gods and Monsters (House of Devils, #1)",Kayla   Edwards,"Edwards, Kayla",,"=""1777880734""","=""9781777880736""",0,3.79,,ebook,760,2022,2022,,2024/06/08,to-read,to-read (#115),to-read,,,,0,0
58210349,How High We Go in the Dark,Sequoia Nagamatsu,"Nagamatsu, Sequoia",,"=""0063072653""","=""9780063072657""",5,3.82,William Morrow Paperbacks,Paperback,292,2023,2022,2024/06/07,2024/05/23,,,read,,,,1,0
50269327,Earthlings,Sayaka Murata,"Murata, Sayaka",Ginny Tapley Takemori,"=""1783785675""","=""9781783785674""",0,3.60,Granta Books,Hardcover,247,2020,2018,,2024/05/30,to-read,to-read (#114),to-read,,,,0,0
20344877,We Are All Completely Fine,Daryl Gregory,"Gregory, Daryl",,"=""1616961716""","=""9781616961718""",0,3.74,Tachyon Publications,Paperback,182,2014,2014,,2024/05/30,to-read,to-read (#113),to-read,,,,0,0
33124137,Pet Sematary,Stephen        King,"King, Stephen",,"=""""","=""""",0,4.08,Scribner,Kindle Edition,580,2014,1983,,2024/05/30,to-read,to-read (#112),to-read,,,,0,0
25852828,A Little Life,Hanya Yanagihara,"Yanagihara, Hanya",,"=""0804172706""","=""9780804172707""",5,4.28,Vintage,Paperback,816,2016,2015,2024/05/29,2024/01/29,,,read,,,,1,0
44890081,My Dark Vanessa,Kate Elizabeth Russell,"Russell, Kate Elizabeth",,"=""006294150X""","=""9780062941503""",0,4.10,William Morrow,Hardcover,373,2020,2020,,2024/05/28,to-read,to-read (#111),to-read,,,,0,0
57739876,To Paradise,Hanya Yanagihara,"Yanagihara, Hanya",,"=""0385547935""","=""9780385547932""",0,3.74,Doubleday,Hardcover,720,2022,2022,,2024/05/28,to-read,to-read (#110),to-read,,,,0,0
29044,The Secret History,Donna Tartt,"Tartt, Donna",,"=""1400031702""","=""9781400031702""",0,4.16,Vintage Books,Paperback,559,2004,1992,,2024/05/28,to-read,to-read (#109),to-read,,,,0,0
5211,A Fine Balance,Rohinton Mistry,"Mistry, Rohinton",,"=""140003065X""","=""9781400030651""",0,4.38,Vintage,Paperback,603,1997,1995,,2024/05/28,to-read,to-read (#108),to-read,,,,0,0
33253215,The Heart's Invisible Furies,John Boyne,"Boyne, John",,"=""""","=""""",0,4.51,Hogarth Press,Hardcover,582,2017,2017,,2024/05/28,to-read,to-read (#107),to-read,,,,0,0
60194162,Demon Copperhead,Barbara Kingsolver,"Kingsolver, Barbara",,"=""""","=""""",0,4.47,Harper,Hardcover,560,2022,2022,,2024/05/28,to-read,to-read (#106),to-read,,,,0,0
41880609,On Earth We're Briefly Gorgeous,Ocean Vuong,"Vuong, Ocean",,"=""0525562028""","=""9780525562023""",0,4.02,Penguin Press,Hardcover,246,2019,2019,,2024/05/28,to-read,to-read (#105),to-read,,,,0,0
99561,Looking for Alaska,John Green,"Green, John",,"=""1435249151""","=""9781435249158""",0,3.96,Speak,Paperback,221,2006,2005,,2024/02/01,,,read,,,,1,0
17333223,The Goldfinch,Donna Tartt,"Tartt, Donna",,"=""0316055433""","=""9780316055437""",0,3.96,"Little, Brown",Hardcover,771,2013,2013,,2024/05/28,to-read,to-read (#104),to-read,,,,0,0
227711,I Know This Much Is True,Wally Lamb,"Lamb, Wally",,"=""0060987561""","=""9780060987565""",0,4.21,HarpPeren,Paperback,897,1999,1998,,2024/05/23,to-read,to-read (#103),to-read,,,,0,0
12875258,Tell the Wolves I'm Home,Carol Rifka Brunt,"Brunt, Carol Rifka",,"=""0679644199""","=""9780679644194""",0,4.03,Random House,Hardcover,360,2012,2012,,2024/05/20,to-read,to-read (#102),to-read,,,,0,0
59986018,"The Book of Azrael (Gods & Monsters, #1)",Amber V. Nicole,"Nicole, Amber V.",,"=""""","=""""",0,4.12,Rose and Star Publishing,Kindle Edition,572,2022,2022,2024/05/13,2024/03/11,,,read,,,,1,0
36121086,Saving Noah,Lucinda Berry,"Berry, Lucinda",,"=""""","=""""",0,3.91,Rise Press,ebook,259,2017,2017,,2024/04/18,to-read,to-read (#101),to-read,,,,0,0
62343413,No One Rides For Free,Judith Sonnet,"Sonnet, Judith",,"=""""","=""""",0,2.73,,Kindle Edition,76,2022,2022,,2024/04/16,to-read,to-read (#100),to-read,,,,0,0
43575115,The Starless Sea,Erin Morgenstern,"Morgenstern, Erin",,"=""038554121X""","=""9780385541213""",0,3.84,Doubleday,Hardcover,498,2019,2019,,2024/04/12,to-read,to-read (#99),to-read,,,,0,0
18505792,The Ocean at the End of the Lane,Neil Gaiman,"Gaiman, Neil",,"=""0062255665""","=""9780062255662""",0,4.01,William Morrow,Paperback,195,2014,2013,,2024/04/12,to-read,to-read (#98),to-read,,,,0,0
195580026,"Brutal Prince (Brutal Birthright, #1)",Sophie Lark,"Lark, Sophie",,"=""""","=""""",0,3.74,,Kindle Edition,376,2023,2020,,2024/04/12,to-read,to-read (#97),to-read,,,,0,0
55868456,The Spear Cuts Through Water,Simon Jimenez,"Jimenez, Simon",,"=""0593156595""","=""9780593156599""",0,4.15,Del Rey,Hardcover,525,2022,2022,,2024/04/12,to-read,to-read (#96),to-read,,,,0,0
58132544,"A River Enchanted (Elements of Cadence, #1)",Rebecca   Ross,"Ross, Rebecca",,"=""0063055988""","=""9780063055988""",0,4.06,Harper Voyager,Hardcover,467,2022,2022,,2024/04/05,to-read,to-read (#95),to-read,,,,0,0
50202953,Piranesi,Susanna Clarke,"Clarke, Susanna",,"=""163557563X""","=""9781635575637""",5,4.22,Bloomsbury,Hardcover,272,2020,2020,2024/04/05,2024/01/29,,,read,,,,1,0
363783,"Daughter of the Blood (The Black Jewels, #1)",Anne Bishop,"Bishop, Anne",,"=""0451461487""","=""9780451461483""",0,4.03,Ace,Paperback,384,2007,1998,,2024/04/04,to-read,to-read (#94),to-read,,,,0,0
60748,"A Child Called ""It"" (Dave Pelzer, #1)",Dave Pelzer,"Pelzer, Dave",,"=""""","=""""",0,4.14,Health Communications Inc,Paperback,184,1995,1995,,2024/04/02,,,read,,,,1,0
37781,"Things Fall Apart (The African Trilogy, #1)",Chinua Achebe,"Achebe, Chinua",,"=""""","=""""",0,3.74,Anchor Books,Paperback,215,1994,1958,,2024/01/29,,,read,,,,1,0
48855,The Diary of a Young Girl,Anne Frank,"Frank, Anne","Otto H. Frank, Mirjam Pressler, Barbara Mooyaart-Doubleday, Γιάννης Θωμόπουλος, Susan Massotty, Eleanor Roosevelt","=""""","=""""",0,4.20,Bantam,Mass Market Paperback,283,1993,1947,,2024/04/02,,,read,,,,1,0
149267,The Stand,Stephen        King,"King, Stephen",Bernie Wrightson,"=""""","=""""",0,4.35,Doubleday Books,Hardcover,1152,1990,1978,,2024/04/02,to-read,to-read (#93),to-read,,,,0,0
2956,The Adventures of Huckleberry Finn,Mark Twain,"Twain, Mark","E.W. Kemble, William Little Hughes, Tom Wilson, Walter Trier, John Seelye, Guy Cardwell","=""0142437174""","=""9780142437179""",0,3.83,Penguin Classics,Paperback,327,2002,1885,,2024/04/02,,,read,,,,1,0
1381,The Odyssey,Homer,"Homer, Homer","Robert Fagles, Bernard Knox","=""0143039954""","=""9780143039952""",0,3.83,Penguin Classics ,Paperback,541,2006,-700,,2024/04/02,,,read,,,,1,0
231804,The Outsiders,S.E. Hinton,"Hinton, S.E.",,"=""0670532576""","=""9780670532575""",0,4.14,Puffin Books (US/CAN),Mass Market Paperback,208,1997,1967,,2024/04/02,,,read,,,,1,0
2998,The Secret Garden,Frances Hodgson Burnett,"Burnett, Frances Hodgson",,"=""0517189607""","=""9780517189603""",0,4.17,Children's Classics,Hardcover,331,1998,1911,,2024/04/02,,,read,,,,1,0
24178,Charlotte’s Web,E.B. White,"White, E.B.","Garth Williams, Rosemary Wells","=""0064410935""","=""9780064410939""",0,4.21,HarperCollinsPublishers,Paperback,184,2001,1952,,2024/04/02,,,read,,,,1,0
370493,The Giving Tree,Shel Silverstein,"Silverstein, Shel",,"=""0060256656""","=""9780060256654""",0,4.38,HarperCollins Publishers,Hardcover,64,1964,1964,,2024/04/02,,,read,,,,1,0
12067,"Good Omens: The Nice and Accurate Prophecies of Agnes Nutter, Witch",Terry Pratchett,"Pratchett, Terry",Neil Gaiman,"=""""","=""""",0,4.25,William Morrow Paperbacks,Mass Market Paperback,491,2006,1990,,2024/04/02,to-read,to-read (#92),to-read,,,,0,0
6320534,Under the Dome,Stephen        King,"King, Stephen",,"=""1439148503""","=""9781439148501""",0,3.93,Scribner,Hardcover,1074,2009,2009,,2024/03/30,to-read,to-read (#91),to-read,,,,0,0
204624472,"The Veiled Kingdom (The Veiled Kingdom, #1)",Holly Renee,"Renee, Holly",,"=""""","=""""",0,3.80,,Kindle Edition,364,2024,2024,,2024/03/28,to-read,to-read (#90),to-read,,,,0,0
7157310,"Rot & Ruin (Rot & Ruin, #1)",Jonathan Maberry,"Maberry, Jonathan",,"=""1442402326""","=""9781442402324""",0,4.10,Simon & Schuster Books For Young Readers,Hardcover,458,2010,2010,,2024/03/28,,,read,,,,1,0
2820533,"Deadly Little Secret (Touch, #1)",Laurie Faria Stolarz,"Stolarz, Laurie Faria",,"=""1423111443""","=""9781423111443""",0,3.86,Hyperion,Hardcover,252,2008,2008,,2024/03/28,,,read,,,,1,0
2273246,"Dead Is the New Black (Dead Is, #1)",Marlene Perez,"Perez, Marlene",,"=""0152064087""","=""9780152064082""",0,3.97,Clarion Books,Paperback,190,2008,2008,,2024/03/28,,,read,,,,1,0
58988311,"Curse of Shadows and Thorns (The Broken Kingdoms, #1)",L.J. Andrews,"Andrews, L.J.",,"=""""","=""""",0,3.99,Bowker,Paperback,348,2021,2021,,2024/03/25,to-read,to-read (#89),to-read,,,,0,0
46261182,"The Awakening (Zodiac Academy, #1)",Caroline Peckham,"Peckham, Caroline",Susanne Valenti,"=""""","=""""",0,3.82,Dark Ink Publishing,Kindle Edition,436,2019,2019,,2024/03/25,to-read,to-read (#88),to-read,,,,0,0
27883214,"Caraval (Caraval, #1)",Stephanie Garber,"Garber, Stephanie",,"=""1250095255""","=""9781250095251""",0,3.97,Flatiron Books,Hardcover,407,2017,2016,,2024/03/21,to-read,to-read (#87),to-read,,,,0,0
52578297,The Midnight Library,Matt Haig,"Haig, Matt",,"=""0525559477""","=""9780525559474""",0,3.98,Viking,Hardcover,288,2020,2020,,2024/03/20,to-read,to-read (#86),to-read,,,,0,0
45047384,"The House in the Cerulean Sea (Cerulean Chronicles, #1)",T.J. Klune,"Klune, T.J.",,"=""""","=""""",0,4.37,Tor Books,Kindle Edition,394,2020,2020,,2024/03/20,to-read,to-read (#85),to-read,,,,0,0
56179377,Nettle & Bone,T. Kingfisher,"Kingfisher, T.",,"=""1250244048""","=""9781250244048""",0,4.08,Tor Books,Hardcover,243,2022,2022,,2024/03/20,to-read,to-read (#84),to-read,,,,0,0
5907,"The Hobbit, or There and Back Again",J.R.R. Tolkien,"Tolkien, J.R.R.","Douglas A. Anderson, Michael Hague, Jemima Catlin","=""""","=""""",0,4.30,Houghton Mifflin,Paperback,366,2002,1937,,2024/03/20,,,read,,,,1,0
13496,"A Game of Thrones (A Song of Ice and Fire, #1)",George R.R. Martin,"Martin, George R.R.",,"=""0553588486""","=""9780553588484""",0,4.45,Bantam,Mass Market Paperback,835,2005,1996,,2024/03/20,to-read,to-read (#83),to-read,,,,0,0
75712384,"Bonded by Thorns (Beasts of the Briar, #1)",Elizabeth Helen,"Helen, Elizabeth",,"=""1738827909""","=""9781738827909""",0,3.92,Luna Fox Press,Kindle Edition,348,2023,2023,,2024/03/20,to-read,to-read (#82),to-read,,,,0,0
131968668,"Ruthless Enemy (Ruthless Enemy, #1)",Marion Blackwood,"Blackwood, Marion",,"=""9198802461""","=""9789198802467""",0,3.99,Black Dagger Publishing,Paperback,316,2023,2023,,2024/03/18,to-read,to-read (#81),to-read,,,,0,0
52373510,Gone to See the River Man,Kristopher Triana,"Triana, Kristopher",,"=""""","=""""",0,3.65,Cemetery Dance Publications,Kindle Edition,182,2020,2020,,2024/03/16,to-read,to-read (#80),to-read,,,,0,0
35396201,"The Black Farm (The Black Farm, #1)",Elias Witherow,"Witherow, Elias",,"=""""","=""""",0,3.91,,Kindle Edition,325,2017,2017,,2024/03/16,to-read,to-read (#79),to-read,,,,0,0
18652002,The Bees,Laline Paull,"Paull, Laline",,"=""0062331159""","=""9780062331151""",5,3.71,Ecco,Hardcover,340,2014,2014,2024/03/15,2024/01/29,,,read,,,,1,0
62977071,"Fear the Flames (Fear the Flames, #1)",Olivia Rose Darling,"Darling, Olivia Rose",,"=""""","=""""",0,3.76,,Kindle Edition,586,2022,2022,,2024/03/11,to-read,to-read (#78),to-read,,,,0,0
58650445,"Heavenly Bodies (Heavenly Bodies, #1)",Imani Erriu,"Erriu, Imani",,"=""""","=""""",0,3.98,,Paperback,619,2022,2022,,2024/03/11,to-read,to-read (#77),to-read,,,,0,0
60109530,Keep It in the Family,John Marrs,"Marrs, John",,"=""1542017289""","=""9781542017282""",0,4.07,Thomas & Mercer,Kindle Edition,380,2022,2022,,2024/03/08,to-read,to-read (#76),to-read,,,,0,0
49090884,Tender Is the Flesh,Agustina Bazterrica,"Bazterrica, Agustina",Sarah Moses,"=""""","=""""",0,3.77,Scribner,Paperback,209,2020,2017,,2024/03/06,to-read,to-read (#75),to-read,,,,0,0
17571466,The Troop,Nick Cutter,"Cutter, Nick",,"=""1476717710""","=""9781476717715""",0,3.83,Gallery Books,Hardcover,358,2014,2014,,2024/03/06,to-read,to-read (#74),to-read,,,,0,0
7159515,Still Missing,Chevy Stevens,"Stevens, Chevy",,"=""0312595670""","=""9780312595678""",0,4.00,St. Martin's Press,Hardcover,342,2010,2010,,2024/03/06,to-read,to-read (#73),to-read,,,,0,0
21726,The Ruins,Scott        Smith,"Smith, Scott",,"=""1400043875""","=""9781400043873""",0,3.69,Alfred A. Knopf,Hardcover,336,2006,2006,,2024/03/06,to-read,to-read (#72),to-read,,,,0,0
345627,"Vampire Academy (Vampire Academy, #1)",Richelle Mead,"Mead, Richelle",,"=""159514174X""","=""9781595141743""",0,4.10,Razorbill,Paperback,332,2007,2007,,2024/03/05,to-read,to-read (#71),to-read,,,,0,0
10194157,"Shadow and Bone (Shadow and Bone, #1)",Leigh Bardugo,"Bardugo, Leigh",,"=""1250048117""","=""9781250048110""",0,3.92,Henry Holt & Company,Hardcover,358,2012,2012,,2024/03/05,to-read,to-read (#70),to-read,,,,0,0
256683,"City of Bones (The Mortal Instruments, #1)",Cassandra Clare,"Clare, Cassandra",,"=""1416914285""","=""9781416914280""",0,4.07,Margaret K. McElderry Books,Hardcover,485,2007,2007,,2024/03/05,to-read,to-read (#69),to-read,,,,0,0
22328546,"Red Queen (Red Queen, #1)",Victoria Aveyard,"Aveyard, Victoria",,"=""0062310631""","=""9780062310637""",0,3.98,HarperTeen,Hardcover,388,2015,2015,,2024/03/05,to-read,to-read (#68),to-read,,,,0,0
10576365,"The Darkest Minds (The Darkest Minds, #1)",Alexandra Bracken,"Bracken, Alexandra",,"=""1423157370""","=""9781423157373""",0,4.15,Disney Hyperion,Hardcover,488,2012,2012,,2024/03/05,to-read,to-read (#67),to-read,,,,0,0
42265183,"The Beautiful (The Beautiful, #1)",Renée Ahdieh,"Ahdieh, Renée",,"=""1524738174""","=""9781524738174""",0,3.65,G.P. Putnam's Sons Books for Young Readers,Hardcover,448,2019,2019,,2024/03/05,to-read,to-read (#66),to-read,,,,0,0
23203252,"A Shadow Bright and Burning (Kingdom on Fire, #1)",Jessica Cluess,"Cluess, Jessica",,"=""0553535919""","=""9780553535914""",0,3.73,Random House BFYR,Library Binding,416,2016,2016,,2024/03/05,to-read,to-read (#65),to-read,,,,0,0
28187,"The Lightning Thief (Percy Jackson and the Olympians, #1)",Rick Riordan,"Riordan, Rick",,"=""0786838655""","=""9780786838653""",0,4.31,Disney Hyperion Books,Paperback,377,2006,2005,,2024/03/04,,,read,,,,1,0
688191,"Everlost (The Skinjacker Trilogy, #1)",Neal Shusterman,"Shusterman, Neal",,"=""0689872372""","=""9780689872372""",0,3.96,Simon & Schuster Books for Young Readers,Hardcover,320,2006,2006,,2024/03/04,,,read,,,,1,0
764347,"Unwind (Unwind, #1)",Neal Shusterman,"Shusterman, Neal",,"=""""","=""""",0,4.17,Simon & Schuster Books for Young Readers,Hardcover,337,2007,2007,,2024/03/04,,,read,,,,1,0
3975774,"Evermore (The Immortals, #1)",Alyson Noel,"Noel, Alyson",,"=""031253275X""","=""9780312532758""",0,3.60,St. Martin's Griffin,Paperback,301,2009,2009,,2024/03/04,,,read,,,,1,0
30183,"Marked (House of Night, #1)",P.C. Cast,"Cast, P.C.",Kristin Cast,"=""0312360266""","=""9780312360269""",0,3.82,St. Martin's Press,Paperback,306,2007,2007,,2024/03/04,,,read,,,,1,0
1295102,Lock and Key,Sarah Dessen,"Dessen, Sarah",,"=""067001088X""","=""9780670010882""",0,3.99,Viking's Children's Books,Hardcover,432,2008,2008,,2024/03/04,,,read,,,,1,0
5664985,Along for the Ride,Sarah Dessen,"Dessen, Sarah",,"=""0670011940""","=""9780670011940""",0,4.03,Viking Books for Young Readers,Hardcover,383,2009,2009,,2024/03/04,,,read,,,,1,0
22205,This Lullaby,Sarah Dessen,"Dessen, Sarah",,"=""0142501557""","=""9780142501559""",0,4.01,Speak,Paperback,345,2004,2002,,2024/03/04,,,read,,,,1,0
51738,Just Listen,Sarah Dessen,"Dessen, Sarah",,"=""0670061050""","=""9780670061051""",0,4.05,Viking Books,Hardcover,371,2006,2006,,2024/03/04,,,read,,,,1,0
33290383,Let It Snow,John Green,"Green, John","Maureen Johnson, Lauren Myracle","=""""","=""""",0,3.66,Speak,Kindle Edition,353,2016,2008,,2024/03/04,,,read,,,,1,0
4374400,"If I Stay (If I Stay, #1)",Gayle Forman,"Forman, Gayle",,"=""0525421033""","=""9780525421030""",0,3.91,Viking,Hardcover,208,2009,2009,,2024/03/04,,,read,,,,1,0
5129,Brave New World,Aldous Huxley,"Huxley, Aldous",,"=""0060929871""","=""9780060929879""",0,3.99,HarperPerennial / Perennial Classics,Paperback,268,1998,1932,,2024/03/04,to-read,to-read (#64),to-read,,,,0,0
2702704,"Faefever (Fever, #3)",Karen Marie Moning,"Moning, Karen Marie",,"=""0385341636""","=""9780385341639""",0,4.28,Delacorte Press,Hardcover,327,2008,2008,,2024/03/04,to-read,to-read (#63),to-read,,,,0,0
59912428,Mad Honey,Jodi Picoult,"Picoult, Jodi",Jennifer Finney Boylan,"=""1984818384""","=""9781984818386""",0,4.07,Ballantine,Hardcover,464,2022,2022,,2024/03/04,to-read,to-read (#62),to-read,,,,0,0
52857700,"House of Flame and Shadow (Crescent City, #3)",Sarah J. Maas,"Maas, Sarah J.",,"=""1681193094""","=""9781681193090""",4,4.22,Bloomsbury Publishing,ebook,835,2024,2024,2024/02/28,2024/01/29,,,read,,,,1,0
6288,The Road,Cormac McCarthy,"McCarthy, Cormac",,"=""0307265439""","=""9780307265432""",0,4.00,Alfred A. Knopf,Hardcover,241,2006,2006,,2024/02/27,to-read,to-read (#61),to-read,,,,0,0
26032825,"The Cruel Prince (The Folk of the Air, #1)",Holly Black,"Black, Holly",,"=""0316310271""","=""9780316310277""",0,4.01,"Little, Brown Books for Young Readers",Hardcover,370,2018,2018,,2024/02/25,to-read,to-read (#60),to-read,,,,0,0
44439416,Chapterhouse: Dune (Dune #6),Frank Herbert,"Herbert, Frank",,"=""0593098277""","=""9780593098271""",0,3.86,Ace,Paperback,609,2019,1985,,2024/02/17,to-read,to-read (#59),to-read,,,,0,0
44492287,Heretics of Dune (Dune #5),Frank Herbert,"Herbert, Frank",,"=""0593098269""","=""9780593098264""",0,3.85,Ace,Paperback,669,2019,1984,,2024/02/17,to-read,to-read (#58),to-read,,,,0,0
44439415,God Emperor of Dune (Dune #4),Frank Herbert,"Herbert, Frank",,"=""0593098250""","=""9780593098257""",0,3.88,Ace,Paperback,587,2019,1981,,2024/02/17,to-read,to-read (#57),to-read,,,,0,0
40132775,"House of Sky and Breath (Crescent City, #2)",Sarah J. Maas,"Maas, Sarah J.",,"=""1408884429""","=""9781408884423""",5,4.43,Bloomsbury Publishing,Hardcover,805,2022,2022,2024/02/17,2024/01/29,,,read,,,,1,0
38447,"The Handmaid’s Tale (The Handmaid's Tale, #1)",Margaret Atwood,"Atwood, Margaret",,"=""038549081X""","=""9780385490818""",0,4.15,Anchor Books,Paperback,311,1998,1985,,2024/02/11,to-read,to-read (#56),to-read,,,,0,0
18045891,Sharp Objects,Gillian Flynn,"Flynn, Gillian",,"=""0297851535""","=""9780297851530""",0,4.01,Broadway Paperbacks,Paperback,254,2007,2006,,2024/02/11,to-read,to-read (#55),to-read,,,,0,0
40604658,"Jurassic Park (Jurassic Park, #1)",Michael Crichton,"Crichton, Michael",,"=""0307763056""","=""9780307763051""",0,4.13,Ballantine Books,Kindle Edition,466,2012,1990,,2024/02/09,to-read,to-read (#54),to-read,,,,0,0
2247142,"The Talented Mr. Ripley (Ripley, #1)",Patricia Highsmith,"Highsmith, Patricia",,"=""""","=""""",0,3.95,W. W. Norton  Company,Paperback,271,2008,1955,,2024/02/05,to-read,to-read (#53),to-read,,,,0,0
13103,"The Celestine Prophecy (Celestine Prophecy, #1)",James Redfield,"Redfield, James",,"=""""","=""""",0,3.73,Warner Books,Paperback,247,1995,1993,,2024/02/01,to-read,to-read (#52),to-read,,,,0,0
7740152,"Torment (Fallen, #2)",Lauren Kate,"Kate, Lauren",,"=""0385739141""","=""9780385739146""",0,3.84,Delacorte Press,Hardcover,452,2010,2010,,2024/02/01,,,read,,,,1,0
6487308,"Fallen (Fallen, #1)",Lauren Kate,"Kate, Lauren",,"=""0385738935""","=""9780385738934""",0,3.72,Delacorte Press,Hardcover,464,2009,2009,,2024/02/01,,,read,,,,1,0
6442769,Paper Towns,John Green,"Green, John",Gázsity Mila,"=""014241493X""","=""9780142414934""",0,3.70,Speak,Paperback,305,2009,2008,,2024/02/01,,,read,,,,1,0
11870085,The Fault in Our Stars,John Green,"Green, John",,"=""""","=""""",0,4.12,Dutton Books,Hardcover,313,2012,2012,,2024/02/01,,,read,,,,1,0
53287484,"Midnight Sun (The Twilight Saga, #5)",Stephenie Meyer,"Meyer, Stephenie",,"=""031670704X""","=""9780316707046""",0,3.75,"Little, Brown Books for Young Readers",Hardcover,662,2020,2020,,2024/02/01,,,read,,,,1,0
1162543,"Breaking Dawn (The Twilight Saga, #4)",Stephenie Meyer,"Meyer, Stephenie",,"=""031606792X""","=""9780316067928""",0,3.75,"Little, Brown and Company",Hardcover,756,2008,2008,,2024/02/01,,,read,,,,1,0
428263,"Eclipse (The Twilight Saga, #3)",Stephenie Meyer,"Meyer, Stephenie",,"=""0316160202""","=""9780316160209""",0,3.74,"Little, Brown and Company",Hardcover,629,2007,2007,,2024/02/01,,,read,,,,1,0
49041,"New Moon (The Twilight Saga, #2)",Stephenie Meyer,"Meyer, Stephenie",,"=""0316160199""","=""9780316160193""",0,3.62,"Little, Brown and Company",Hardcover,563,2006,2006,,2024/02/01,,,read,,,,1,0
41865,"Twilight (The Twilight Saga, #1)",Stephenie Meyer,"Meyer, Stephenie",,"=""0316015849""","=""9780316015844""",0,3.67,"Little, Brown and Company",Paperback,498,2006,2005,,2024/02/01,,,read,,,,1,0
7631105,"The Scorch Trials (The Maze Runner, #2)",James Dashner,"Dashner, James",,"=""0385738757""","=""9780385738750""",0,3.89,Delacorte Press,Hardcover,362,2010,2010,,2024/02/01,,,read,,,,1,0
6186357,"The Maze Runner (The Maze Runner, #1)",James Dashner,"Dashner, James",,"=""0385737947""","=""9780385737944""",0,4.05,Delacorte Press,Hardcover,384,2009,2009,,2024/02/01,,,read,,,,1,0
51901147,"The Ballad of Songbirds and Snakes (The Hunger Games, #0)",Suzanne Collins,"Collins, Suzanne",,"=""""","=""""",0,3.99,Scholastic Press,Kindle Edition,541,2020,2020,,2024/02/01,,,read,,,,1,0
76714487,"Tower of Dawn (Throne of Glass, #6)",Sarah J. Maas,"Maas, Sarah J.",,"=""1639731040""","=""9781639731046""",0,4.28,Bloomsbury Publishing,Hardcover,688,2023,2017,,2024/02/01,,,read,,,,1,0
126062562,"The Assassin's Blade (Throne of Glass, #0.1-0.5)",Sarah J. Maas,"Maas, Sarah J.",,"=""1619632217""","=""9781619632219""",0,4.20,Bloomsbury Children’s Books,Kindle Edition,451,2023,2014,,2024/02/01,,,read,,,,1,0
76713323,"Empire of Storms (Throne of Glass, #5)",Sarah J. Maas,"Maas, Sarah J.",,"=""1639731024""","=""9781639731022""",0,4.63,Bloomsbury Publishing,Hardcover,733,2023,2016,,2024/02/01,,,read,,,,1,0
76707900,"Queen of Shadows (Throne of Glass, #4)",Sarah J. Maas,"Maas, Sarah J.",,"=""1639731008""","=""9781639731008""",0,4.62,Bloomsbury Publishing,Hardcover,648,2023,2015,,2024/02/01,,,read,,,,1,0
76706470,"Heir of Fire (Throne of Glass, #3)",Sarah J. Maas,"Maas, Sarah J.",,"=""""","=""""",0,4.45,Bloomsbury USA Childrens,Hardcover,576,2023,2014,,2024/02/01,,,read,,,,1,0
76705490,"Crown of Midnight (Throne of Glass, #2)",Sarah J. Maas,"Maas, Sarah J.",,"=""1639730966""","=""9781639730964""",0,4.36,Bloomsbury Publishing,Hardcover,420,2023,2013,,2024/02/01,,,read,,,,1,0
76703559,"Throne of Glass (Throne of Glass, #1)",Sarah J. Maas,"Maas, Sarah J.",,"=""163973094X""","=""9781639730940""",0,4.18,Bloomsbury Publishing,Hardcover,406,2023,2012,,2024/02/01,,,read,,,,1,0
50659471,"A Court of Frost and Starlight (A Court of Thorns and Roses, #3.5)",Sarah J. Maas,"Maas, Sarah J.",,"=""1635575621""","=""9781635575620""",0,3.72,Bloomsbury Publishing,Paperback,272,2020,2019,,2024/02/01,,,read,,,,1,0
50659472,"A Court of Wings and Ruin (A Court of Thorns and Roses, #3)",Sarah J. Maas,"Maas, Sarah J.",,"=""1635575605""","=""9781635575606""",0,4.46,Bloomsbury Publishing,Paperback,699,2020,2017,,2024/02/01,,,read,,,,1,0
50659468,"A Court of Mist and Fury (A Court of Thorns and Roses, #2)",Sarah J. Maas,"Maas, Sarah J.",,"=""1635575583""","=""9781635575583""",0,4.64,Bloomsbury Publishing,Paperback,626,2020,2016,,2024/02/01,,,read,,,,1,0
53138095,"A ​Court of Silver Flames (A Court of Thorns and Roses, #4)",Sarah J. Maas,"Maas, Sarah J.",,"=""168119628X""","=""9781681196282""",0,4.45,Bloomsbury Publishing,Hardcover,757,2021,2021,,2024/02/01,,,read,,,,1,0
10614,Misery,Stephen        King,"King, Stephen",,"=""0450417395""","=""9780450417399""",0,4.23,New English Library,Paperback,370,1992,1987,,2024/02/01,to-read,to-read (#51),to-read,,,,0,0
50485649,In My Dreams I Hold a Knife,Ashley Winstead,"Winstead, Ashley",,"=""172822988X""","=""9781728229881""",0,3.79,Sourcebooks Landmark,Hardcover,345,2021,2021,,2024/02/01,to-read,to-read (#50),to-read,,,,0,0
61439040,1984,George Orwell,"Orwell, George",Thomas Pynchon,"=""0452284236""","=""9780452284234""",0,4.20,Plume,Paperback,368,2022,1949,,2024/02/01,to-read,to-read (#49),to-read,,,,0,0
28676,American Psycho,Bret Easton Ellis,"Ellis, Bret Easton",,"=""0679735771""","=""9780679735779""",0,3.80,Vintage Contemporaries,Paperback,399,1991,1991,,2024/02/01,to-read,to-read (#48),to-read,,,,0,0
1656001,"The Host (The Host, #1)",Stephenie Meyer,"Meyer, Stephenie",,"=""0316068047""","=""9780316068048""",0,3.86,"Little, Brown and Company",Hardcover,619,2008,2008,,2024/02/01,to-read,to-read (#47),to-read,,,,0,0
50520939,"The Atlas Six (The Atlas, #1)",Olivie Blake,"Blake, Olivie",,"=""""","=""""",0,3.55,,Kindle Edition,376,2020,2020,,2024/02/01,to-read,to-read (#46),to-read,,,,0,0
41042431,"Wake Me After the Apocalypse (Bunker, #1)",Jordan Rivet,"Rivet, Jordan",,"=""""","=""""",0,4.10,,Kindle Edition,316,2018,2018,,2024/02/01,to-read,to-read (#45),to-read,,,,0,0
15839976,"Red Rising (Red Rising Saga, #1)",Pierce Brown,"Brown, Pierce",,"=""0345539788""","=""9780345539786""",0,4.27,Del Rey,Hardcover,382,2014,2014,,2024/02/01,to-read,to-read (#44),to-read,,,,0,0
53320739,"The Princess Trials (The Princess Trials, #1)",Cordelia K. Castel,"Castel, Cordelia K.",,"=""""","=""""",0,3.79,,Kindle Edition,504,2020,2020,,2024/02/01,to-read,to-read (#43),to-read,,,,0,0
10507293,"The Selection (The Selection, #1)",Kiera Cass,"Cass, Kiera",,"=""0062059939""","=""9780062059932""",0,4.07,HarperTeen,Hardcover,336,2012,2012,,2024/02/01,to-read,to-read (#42),to-read,,,,0,0
125162502,"Scorpio (Frontlines: Evolution, #1)",Marko Kloos,"Kloos, Marko",,"=""1542035503""","=""9781542035507""",0,4.12,47North,Kindle Edition,283,2024,2024,,2024/02/01,to-read,to-read (#41),to-read,,,,0,0
44646576,"Bird Box (Bird Box, #1)",Josh Malerman,"Malerman, Josh",,"=""0062259652""","=""9780062259653""",0,4.05,Ecco,Hardcover,272,2014,2014,,2024/02/01,to-read,to-read (#40),to-read,,,,0,0
56179372,Slewfoot: A Tale of Bewitchery,Brom,"Brom, Brom",,"=""125062200X""","=""9781250622006""",0,4.21,Tor Nightfire,Hardcover,305,2021,2021,,2024/02/01,to-read,to-read (#39),to-read,,,,0,0
45885495,His & Hers,Alice Feeney,"Feeney, Alice",,"=""1250266076""","=""9781250266071""",0,4.06,Flatiron Books,Hardcover,304,2020,2020,,2024/02/01,to-read,to-read (#38),to-read,,,,0,0
59808050,Daisy Darker,Alice Feeney,"Feeney, Alice",,"=""1250843936""","=""9781250843937""",0,3.76,Flatiron Books,Hardcover,352,2022,2022,,2024/02/01,to-read,to-read (#37),to-read,,,,0,0
61208877,"A Soul to Keep (Duskwalker Brides, #1)",Opal Reyne,"Reyne, Opal",,"=""0645510408""","=""9780645510409""",0,4.06,,Kindle Edition,544,2022,2022,,2024/01/29,to-read,to-read (#36),to-read,,,,0,0
52439531,"The Inheritance Games (The Inheritance Games, #1)",Jennifer Lynn Barnes,"Barnes, Jennifer Lynn",,"=""1368052401""","=""9781368052405""",0,4.13,"Little, Brown Books for Young Readers",Hardcover,386,2020,2020,,2024/01/29,to-read,to-read (#35),to-read,,,,0,0
11,"The Hitchhiker’s Guide to the Galaxy (Hitchhiker's Guide to the Galaxy, #1)",Douglas Adams,"Adams, Douglas",,"=""""","=""""",0,4.22,Del Rey Books,Mass Market Paperback,216,2005,1979,,2024/01/29,to-read,to-read (#34),to-read,,,,0,0
19063,The Book Thief,Markus Zusak,"Zusak, Markus",,"=""""","=""""",0,4.39,Alfred A. Knopf,Kindle Edition,592,2006,2005,,2024/01/29,to-read,to-read (#33),to-read,,,,0,0
6043781,"Blood of Elves (The Witcher, #1)",Andrzej Sapkowski,"Sapkowski, Andrzej",Danusia Stok,"=""""","=""""",0,4.10,Hachette Book Group,Mass Market Paperback,398,2009,1994,,2024/01/29,to-read,to-read (#32),to-read,,,,0,0
7445,The Glass Castle,Jeannette Walls,"Walls, Jeannette",,"=""074324754X""","=""9780743247542""",0,4.33,Scribner,Paperback,288,2006,2005,,2024/01/29,to-read,to-read (#30),to-read,,,,0,0
24830,The Illustrated Man,Ray Bradbury,"Bradbury, Ray",,"=""000712774X""","=""9780007127740""",0,4.13,Voyager Classics / Harper Collins,Paperback,186,2002,1951,,2024/01/29,to-read,to-read (#29),to-read,,,,0,0
4981,Slaughterhouse-Five,Kurt Vonnegut Jr.,"Jr., Kurt Vonnegut",,"=""""","=""""",0,4.10,Dial Press,Paperback,275,1999,1969,,2024/01/29,to-read,to-read (#28),to-read,,,,0,0
6224935,This is Where I Leave You,Jonathan Tropper,"Tropper, Jonathan",,"=""052595127X""","=""9780525951278""",0,3.88,Orion,Hardcover,339,2009,2003,,2024/01/29,to-read,to-read (#27),to-read,,,,0,0
248704,It's Kind of a Funny Story,Ned Vizzini,"Vizzini, Ned",,"=""078685197X""","=""9780786851973""",0,4.07,Disney Hyperion,Paperback,444,2007,2006,,2024/01/29,to-read,to-read (#26),to-read,,,,0,0
28954189,"Scythe (Arc of a Scythe, #1)",Neal Shusterman,"Shusterman, Neal",,"=""""","=""""",0,4.32,Simon & Schuster Books for Young Readers,Hardcover,435,2016,2016,,2024/01/29,to-read,to-read (#25),to-read,,,,0,0
22299763,"Crooked Kingdom (Six of Crows, #2)",Leigh Bardugo,"Bardugo, Leigh",,"=""""","=""""",0,4.57,Orion Children's Books,Kindle Edition,561,2016,2016,,2024/01/29,to-read,to-read (#24),to-read,,,,0,0
23437156,"Six of Crows (Six of Crows, #1)",Leigh Bardugo,"Bardugo, Leigh",,"=""1627792120""","=""9781627792127""",0,4.46,Henry Holt & Company,Hardcover,480,2015,2015,,2024/01/29,to-read,to-read (#23),to-read,,,,0,0
18077752,"Acceptance (Southern Reach, #3)",Jeff VanderMeer,"VanderMeer, Jeff",,"=""0374104115""","=""9780374104115""",0,3.66,"Farrar, Straus and Giroux",Paperback,368,2014,2014,,2024/01/29,to-read,to-read (#22),to-read,,,,0,0
18077769,"Authority (Southern Reach, #2)",Jeff VanderMeer,"VanderMeer, Jeff",,"=""0374104107""","=""9780374104108""",0,3.55,"Farrar, Straus and Giroux",Paperback,368,2014,2014,,2024/01/29,to-read,to-read (#21),to-read,,,,0,0
20170404,Station Eleven,Emily St. John Mandel,"Mandel, Emily St. John",,"=""0385353308""","=""9780385353304""",0,4.07,Knopf,Hardcover,333,2014,2014,,2024/01/29,to-read,to-read (#20),to-read,,,,0,0
31817749,"The Stone Sky (The Broken Earth, #3)",N.K. Jemisin,"Jemisin, N.K.",,"=""""","=""""",0,4.33,Orbit,Paperback,416,2017,2017,,2024/01/29,to-read,to-read (#19),to-read,,,,0,0
26228034,"The Obelisk Gate (The Broken Earth, #2)",N.K. Jemisin,"Jemisin, N.K.",,"=""""","=""""",0,4.29,Orbit,Paperback,410,2016,2016,,2024/01/29,to-read,to-read (#18),to-read,,,,0,0
19161852,The Fifth Season (The Broken Earth #1),N.K. Jemisin,"Jemisin, N.K.",,"=""""","=""""",0,4.29,Orbit,Paperback,468,2015,2015,,2024/01/29,to-read,to-read (#17),to-read,,,,0,0
80660,We Need to Talk About Kevin,Lionel Shriver,"Shriver, Lionel",,"=""006112429X""","=""9780061124297""",0,4.08,Harper Perennial,Paperback,400,2006,2003,,2024/01/29,to-read,to-read (#16),to-read,,,,0,0
32620332,The Seven Husbands of Evelyn Hugo,Taylor Jenkins Reid,"Reid, Taylor Jenkins",,"=""1501139231""","=""9781501139239""",0,4.40,Atria Books,Hardcover,389,2017,2017,,2024/01/29,to-read,to-read (#15),to-read,,,,0,0
18122,"The Amber Spyglass (His Dark Materials, #3)",Philip Pullman,"Pullman, Philip",,"=""0440238153""","=""9780440238157""",0,4.11,Laurel Leaf,Mass Market Paperback,465,2003,2000,,2024/01/29,to-read,to-read (#14),to-read,,,,0,0
41637836,"The Subtle Knife (His Dark Materials, #2)",Philip Pullman,"Pullman, Philip",,"=""""","=""""",0,4.15,RHCP Digital,Kindle Edition,370,2018,1997,,2024/01/29,to-read,to-read (#13),to-read,,,,0,0
119322,"The Golden Compass (His Dark Materials, #1)",Philip Pullman,"Pullman, Philip",,"=""0679879242""","=""9780679879244""",0,4.03,RANDOM HOUSE TRADE,Hardcover,399,1996,1995,,2024/01/29,to-read,to-read (#12),to-read,,,,0,0
13324841,"Son (The Giver, #4)",Lois Lowry,"Lowry, Lois",,"=""0547887205""","=""9780547887203""",0,3.99,Clarion Books,Hardcover,393,2012,2012,,2024/01/29,to-read,to-read (#11),to-read,,,,0,0
37774,"Arrow of God (The African Trilogy, #3)",Chinua Achebe,"Achebe, Chinua",,"=""""","=""""",0,3.79,Anchor Books,Paperback,230,1989,1964,,2024/01/29,to-read,to-read (#10),to-read,,,,0,0
111085,"No Longer at Ease (The African Trilogy, #2)",Chinua Achebe,"Achebe, Chinua",,"=""""","=""""",0,3.87,Anchor,Paperback,196,1994,1960,,2024/01/29,to-read,to-read (#9),to-read,,,,0,0
56302573,Farenheit 451,Ray Bradbury,"Bradbury, Ray",,"=""""","=""""",0,3.97,Qanun Nəşriyyatı,Unknown Binding,208,2019,1953,,2024/01/29,to-read,to-read (#8),to-read,,,,0,0
21787,The Princess Bride,William Goldman,"Goldman, William",,"=""0345418263""","=""9780345418265""",0,4.27,Ballantine Books,Paperback,429,2003,1973,,2024/01/29,to-read,to-read (#7),to-read,,,,0,0
24292598,"Outland (Quantum Earth, #1)",Dennis E. Taylor,"Taylor, Dennis E.",,"=""""","=""""",0,4.10,,Kindle Edition,360,2015,2015,,2024/01/29,to-read,to-read (#6),to-read,,,,0,0
44492286,Children of Dune (Dune #3),Frank Herbert,"Herbert, Frank",,"=""0593098242""","=""9780593098240""",0,3.95,Ace,Paperback,609,2019,1976,,2024/01/29,to-read,to-read (#5),to-read,,,,0,0
44492285,Dune Messiah (Dune #2),Frank Herbert,"Herbert, Frank",Brian Herbert,"=""0593098234""","=""9780593098233""",0,3.89,Ace,Mass Market Paperback,336,2019,1969,,2024/01/29,to-read,to-read (#4),to-read,,,,0,0
44767458,Dune (Dune #1),Frank Herbert,"Herbert, Frank",,"=""059309932X""","=""9780593099322""",0,4.29,Ace,Hardcover,658,2019,1965,,2024/01/29,to-read,to-read (#3),to-read,,,,0,0
8909,The War of the Worlds,H.G. Wells,"Wells, H.G.",Arthur C. Clarke,"=""0375759239""","=""9780375759239""",0,3.83,Random House Publishing Group,Paperback,192,2002,1898,,2024/01/29,to-read,to-read (#2),to-read,,,,0,0
830502,It,Stephen        King,"King, Stephen",,"=""0450411435""","=""9780450411434""",0,4.24,New English Library,Paperback,1184,1987,1986,,2024/01/29,to-read,to-read (#1),to-read,,,,0,0
44778083,"House of Earth and Blood (Crescent City, #1)",Sarah J. Maas,"Maas, Sarah J.",,"=""1635574048""","=""9781635574043""",5,4.45,Bloomsbury Publishing,Hardcover,803,2020,2020,,2024/01/29,,,read,,,,2,0
76715522,"Kingdom of Ash (Throne of Glass, #7)",Sarah J. Maas,"Maas, Sarah J.",,"=""1639731067""","=""9781639731060""",5,4.71,Bloomsbury Publishing,Hardcover,984,2023,2018,2024/01/29,2024/01/29,,,read,,,,1,0
