Book Id,Title,Author,Author l-f,Additional Authors,ISBN,ISBN13,My Rating,Average Rating,Publisher,Binding,Number of Pages,Year Published,Original Publication Year,Date Read,Date Added,Bookshelves,Bookshelves with positions,Exclusive Shelf,Read Count,Owned Copies,Book Title,Series Name,Series Number
147243,Touching Spirit Bear,Ben Mikaelsen,"Mikaelsen, Ben",,"=""0060734000""","=""9780060734008""",0,3.85,HarperCollins,Mass Market Paperback,289.0,2005,2001.0,,2025/10/01,to-read,to-read (#268),to-read,0,0,Touching Spirit Bear,Spirit Bear,1
6693658,The Divine Farce,Michael S.A. Graziano,"Graziano, Michael S.A.",,"=""1935248049""","=""9781935248040""",4,4.18,Leapfrog Press,Paperback,128.0,2009,2009.0,2025/09/30,2025/03/08,,,read,1,0,The Divine Farce,,
217959489,Watch Me,Tahereh Mafi,"Mafi, Tahereh",,"=""0008718156""","=""9780008718152""",4,4.27,Electric Monkey,Kindle Edition,368.0,2025,2025.0,2025/09/30,2025/09/29,,,read,1,0,Watch Me,Shatter Me: The New Republic,1
208159162,Lost in the Garden,Adam S. Leslie,"Leslie, Adam S.",,"=""1915368480""","=""9781915368485""",0,3.53,Dead Ink Books,Paperback,446.0,2024,2024.0,,2025/09/30,to-read,to-read (#267),to-read,0,0,Lost in the Garden,,
239304864,Willow Rose,M Kevin Hayden,"Hayden, M Kevin",,"=""""","=""9798992780543""",0,3.91,Muse of the Moon Books,Hardcover,206.0,2025,,,2025/09/29,to-read,to-read (#266),to-read,0,0,Willow Rose,,
221604746,The House Saphir,Marissa Meyer,"Meyer, Marissa",,"=""125032095X""","=""9781250320957""",0,4.13,Feiwel & Friends,Hardcover,432.0,2025,2025.0,,2025/09/29,to-read,to-read (#265),to-read,0,0,The House Saphir,,
211004924,Firebird,Juliette Cross,"Cross, Juliette",,"=""1250339944""","=""9781250339942""",0,3.68,Bramble,Hardcover,400.0,2025,2025.0,,2025/09/29,to-read,to-read (#264),to-read,0,0,Firebird,The Fire That Binds,1
58517502,Believe Me,Tahereh Mafi,"Mafi, Tahereh",,"=""0063228319""","=""9780063228313""",5,4.11,HarperCollins,Paperback,177.0,2021,2021.0,2025/09/29,2025/09/29,,,read,1,0,Believe Me,Shatter Me,6.5
44054122,Imagine Me,Tahereh Mafi,"Mafi, Tahereh",,"=""006267644X""","=""9780062676443""",4,4.01,HarperCollins,ebook,450.0,2020,2020.0,2025/09/28,2025/09/25,,,read,1,0,Imagine Me,Shatter Me,6
222683916,Exiles,Mason Coile,"Coile, Mason",Andrew Pyper,"=""0593851633""","=""9780593851630""",0,3.85,G.P. Putnam's Sons,Hardcover,224.0,2025,2025.0,,2025/09/27,to-read,to-read (#263),to-read,0,0,Exiles,,
20518872,The Three-Body Problem,Liu Cixin,"Cixin, Liu",Ken Liu,"=""""","=""""",0,4.08,Tor Books,Hardcover,472.0,2014,2006.0,,2025/09/27,to-read,to-read (#262),to-read,0,0,The Three-Body Problem,Remembrance of Earth’s Past,1
61431922,Fourth Wing,Rebecca Yarros,"Yarros, Rebecca",,"=""1649374046""","=""9781649374042""",5,4.57,Entangled: Red Tower Books,Hardcover,517.0,2023,2023.0,,2025/01/03,,,read,2,0,Fourth Wing,The Empyrean,1
60701439,Big Swiss,Jen Beagin,"Beagin, Jen",,"=""1982153083""","=""9781982153083""",0,3.68,Scribner,Hardcover,336.0,2023,2023.0,,2025/09/25,to-read,to-read (#261),to-read,0,0,Big Swiss,,
43514655,Reveal Me,Tahereh Mafi,"Mafi, Tahereh",,"=""""","=""""",4,3.96,Storytide,Kindle Edition,112.0,2019,2019.0,2025/09/25,2025/09/25,,,read,1,0,Reveal Me,Shatter Me,5.5
222376601,Spread Me,Sarah Gailey,"Gailey, Sarah",,"=""1250387337""","=""9781250387332""",0,3.59,Tor Nightfire,Hardcover,208.0,2025,2025.0,,2025/09/25,to-read,to-read (#260),to-read,0,0,Spread Me,,
201242757,You Like It Darker,Stephen        King,"King, Stephen",,"=""1668037718""","=""9781668037713""",0,4.2,Scribner,Hardcover,512.0,2024,2024.0,,2025/09/25,to-read,to-read (#259),to-read,0,0,You Like It Darker,,
34992959,Defy Me,Tahereh Mafi,"Mafi, Tahereh",,"=""0062676393""","=""9780062676399""",5,4.27,HarperTeen,Hardcover,357.0,2019,2019.0,2025/09/24,2025/09/24,,,read,1,0,Defy Me,Shatter Me,5
40863452,Shadow Me,Tahereh Mafi,"Mafi, Tahereh",,"=""0062906267""","=""9780062906267""",4,3.96,HarperCollins,Kindle Edition,69.0,2019,2019.0,2025/09/23,2025/09/23,,,read,1,0,Shadow Me,Shatter Me,4.5
34992929,Restore Me,Tahereh Mafi,"Mafi, Tahereh",,"=""0062676369""","=""9780062676368""",4,4.14,HarperCollins,Hardcover,448.0,2018,2018.0,2025/09/23,2025/09/19,,,read,1,0,Restore Me,Shatter Me,4
122953929,Between Life and Death,Jaclyn Kot,"Kot, Jaclyn",,"=""1738702227""","=""9781738702220""",0,3.85,,Kindle Edition,463.0,2023,,,2025/09/21,to-read,to-read (#258),to-read,0,0,Between Life and Death,Between Life and Death,1
35959740,Circe,Madeline Miller,"Miller, Madeline",,"=""0316556343""","=""9780316556347""",5,4.22,"Little, Brown and Company",Hardcover,393.0,2018,2018.0,2025/04/11,2024/02/20,,,read,1,0,Circe,,
7260188,Mockingjay,Suzanne Collins,"Collins, Suzanne",,"=""0439023513""","=""9780439023511""",0,4.12,Scholastic Press,Hardcover,390.0,2010,2010.0,2025/03/16,2024/02/01,,,read,1,0,Mockingjay,The Hunger Games,3
29901930,The Fisherman,John  Langan,"Langan, John",,"=""1939905214""","=""9781939905215""",0,3.86,Word Horde,Paperback,266.0,2016,2016.0,,2025/09/19,to-read,to-read (#257),to-read,0,0,The Fisherman,,
13188676,Ignite Me,Tahereh Mafi,"Mafi, Tahereh",,"=""006208559X""","=""9780062085597""",5,4.45,HarperCollins ,Kindle Edition,408.0,2014,2014.0,2025/09/19,2025/09/17,,,read,1,0,Ignite Me,Shatter Me,3
17331518,Fracture Me,Tahereh Mafi,"Mafi, Tahereh",,"=""0062284835""","=""9780062284839""",4,3.34,HarperCollins,Kindle Edition,72.0,2013,2013.0,2025/09/17,2025/09/17,,,read,1,0,Fracture Me,Shatter Me,2.5
18089977,Unravel Me,Tahereh Mafi,"Mafi, Tahereh",,"=""0062085549""","=""9780062085542""",4,4.11,Storytide,Paperback,461.0,2013,2013.0,2025/09/17,2025/09/15,,,read,1,0,Unravel Me,Shatter Me,2
13623150,Destroy Me,Tahereh Mafi,"Mafi, Tahereh",,"=""0062208195""","=""9780062208194""",4,3.95,Harper,Kindle Edition,111.0,2012,2012.0,2025/09/15,2025/09/15,,,read,1,0,Destroy Me,Shatter Me,1.5
37642300,Shatter Me,Tahereh Mafi,"Mafi, Tahereh",,"=""""","=""""",4,3.84,HarperCollins,Kindle Edition,339.0,2017,2011.0,2025/09/15,2025/01/14,,,read,1,0,Shatter Me,Shatter Me,1
222818703,Spellcaster,Jaymin Eve,"Eve, Jaymin",,"=""1335472002""","=""9781335472007""",0,3.99,MIRA,Paperback,336.0,2025,2025.0,,2025/09/11,to-read,to-read (#256),to-read,0,0,Spellcaster,Weatherstone College,1
209080212,The Long Walk,Richard  Bachman,"Bachman, Richard",Stephen        King,"=""""","=""""",3,4.04,Scribner,Kindle Edition,319.0,2016,1978.0,2025/09/10,2025/03/11,,,read,1,0,The Long Walk,,
40045986,The Last Letter,Rebecca Yarros,"Yarros, Rebecca",,"=""1640635335""","=""9781640635333""",4,4.49,Entangled: Amara,Paperback,426.0,2019,2019.0,2025/08/30,2025/08/26,,,read,1,0,The Last Letter,,
200982373,Don't Let the Forest In,C.G. Drews,"Drews, C.G.",,"=""1250895669""","=""9781250895660""",0,4.09,Feiwel & Friends,Hardcover,336.0,2024,2024.0,,2025/08/28,to-read,to-read (#255),to-read,0,0,Don't Let the Forest In,,
222697645,Project Hail Mary,Andy Weir,"Weir, Andy",,"=""0593135210""","=""9780593135211""",5,4.5,Ballantine Books,Kindle Edition,482.0,2021,2021.0,2025/08/28,2024/06/13,,,read,1,0,Project Hail Mary,,
222853872,The Fallen and the Kiss of Dusk,Carissa Broadbent,"Broadbent, Carissa",,"=""""","=""""",5,4.04,,Kindle Edition,638.0,2025,2025.0,2025/08/25,2025/08/20,,,read,1,0,The Fallen and the Kiss of Dusk,Crowns of Nyaxia,4
221228062,House of the Beast,Michelle  Wong,"Wong, Michelle",,"=""0063446251""","=""9780063446250""",0,3.97,Harper Voyager,Hardcover,464.0,2025,2025.0,,2025/08/22,to-read,to-read (#254),to-read,0,0,House of the Beast,,
220161171,Fearful,Lauren  Roberts,"Roberts, Lauren",,"=""166597107X""","=""9781665971072""",0,3.43,Simon & Schuster Books for Young Readers,Hardcover,224.0,2025,2025.0,,2025/08/21,to-read,to-read (#253),to-read,0,0,Fearful,The Powerless Trilogy,3.5
210134467,The Songbird & the Heart of Stone,Carissa Broadbent,"Broadbent, Carissa",,"=""""","=""""",5,4.07,Bramble Romance,Kindle Edition,498.0,2024,2024.0,2025/08/20,2025/08/10,,,read,1,0,The Songbird & the Heart of Stone,Crowns of Nyaxia,3
56791389,Dungeon Crawler Carl,Matt Dinniman,"Dinniman, Matt",,"=""""","=""""",0,4.49,Dandy House,Kindle Edition,446.0,2020,2020.0,,2025/08/19,to-read,to-read (#252),to-read,0,0,Dungeon Crawler Carl,Dungeon Crawler Carl,1
209823382,Tell Me What You Did,Carter   Wilson,"Wilson, Carter",,"=""1464226229""","=""9781464226229""",0,3.73,Poisoned Pen Press,Paperback,420.0,2025,2025.0,,2025/08/15,to-read,to-read (#251),to-read,0,0,Tell Me What You Did,,
58446227,Sea of Tranquility,Emily St. John Mandel,"Mandel, Emily St. John",,"=""0593321448""","=""9780593321447""",0,4.06,Knopf,Hardcover,259.0,2022,2022.0,,2025/08/11,to-read,to-read (#250),to-read,0,0,Sea of Tranquility,,
239937277,The Lion and the Deathless Dark,Carissa Broadbent,"Broadbent, Carissa",,"=""""","=""""",0,4.31,,Kindle Edition,,2026,,,2025/08/11,to-read,to-read (#249),to-read,0,0,The Lion and the Deathless Dark,Crowns of Nyaxia,5
123368729,Slaying the Vampire Conqueror,Carissa Broadbent,"Broadbent, Carissa",,"=""""","=""""",5,4.11,Amazon Digital Services,Kindle Edition,369.0,2023,2023.0,2025/08/10,2025/08/04,,,read,1,0,Slaying the Vampire Conqueror,,
37004370,The Memory Police,Yōko Ogawa,"Ogawa, Yōko",Stephen    Snyder,"=""1101870605""","=""9781101870600""",0,3.7,Pantheon,Hardcover,274.0,2019,1994.0,,2025/08/08,to-read,to-read (#248),to-read,0,0,The Memory Police,,
217245572,Silver Elite,Dani Francis,"Francis, Dani",,"=""059387546X""","=""9780593875469""",0,4.1,Del Rey,Hardcover,516.0,2025,,,2025/08/08,to-read,to-read (#247),to-read,0,0,Silver Elite,Silver Elite,1
27189194,One True Loves,Taylor Jenkins Reid,"Reid, Taylor Jenkins",,"=""""","=""""",0,4.02,Washington Square Press,Kindle Edition,352.0,2016,2016.0,,2025/08/05,to-read,to-read (#246),to-read,0,0,One True Loves,,
62335396,The Ashes & the Star-Cursed King,Carissa Broadbent,"Broadbent, Carissa",,"=""""","=""""",5,4.08,,Kindle Edition,626.0,2023,2023.0,2025/08/04,2025/07/28,,,read,1,0,The Ashes & the Star-Cursed King,Crowns of Nyaxia,2
208197094,A Liar's Twisted Tongue,Caroline Cusanelli,"Cusanelli, Caroline",,"=""""","=""9798990027800""",0,3.37,Caroline Cusanelli,Paperback,616.0,2025,,,2025/07/30,to-read,to-read (#245),to-read,0,0,A Liar's Twisted Tongue,The Fated Blood Trilogy,1
199743738,The Midnight Feast,Lucy Foley,"Foley, Lucy",,"=""0063003104""","=""9780063003101""",0,3.58,William Morrow,Hardcover,354.0,2024,2024.0,,2025/07/29,to-read,to-read (#244),to-read,0,0,The Midnight Feast,,
58468990,The Paris Apartment,Lucy Foley,"Foley, Lucy",,"=""0063003058""","=""9780063003057""",0,3.65,William Morrow,Hardcover,360.0,2022,2022.0,,2025/07/29,to-read,to-read (#243),to-read,0,0,The Paris Apartment,,
52656911,The Guest List,Lucy Foley,"Foley, Lucy",,"=""""","=""""",0,3.8,William Morrow,Kindle Edition,319.0,2020,2020.0,,2025/07/29,to-read,to-read (#242),to-read,0,0,The Guest List,,
7624,Lord of the Flies,William Golding,"Golding, William",,"=""0140283331""","=""9780140283334""",0,3.7,Penguin Books ,Paperback,182.0,1999,1954.0,,2025/07/29,to-read,to-read (#241),to-read,0,0,Lord of the Flies,,
58784475,"Tomorrow, and Tomorrow, and Tomorrow",Gabrielle Zevin,"Zevin, Gabrielle",,"=""0735243344""","=""9780735243347""",0,4.12,Knopf,Hardcover,401.0,2022,2022.0,,2025/07/28,to-read,to-read (#240),to-read,0,0,"Tomorrow, and Tomorrow, and Tomorrow",,
123027751,Six Scorched Roses,Carissa Broadbent,"Broadbent, Carissa",,"=""""","=""""",5,4.24,,Kindle Edition,187.0,2023,2023.0,2025/07/28,2025/07/28,,,read,1,0,Six Scorched Roses,Crowns of Nyaxia,1.5
223636650,Holy Wrath,Victoria Mier,"Mier, Victoria",,"=""""","=""""",0,4.17,,Kindle Edition,476.0,2025,2025.0,,2025/07/28,to-read,to-read (#239),to-read,0,0,Holy Wrath,,
60714999,The Serpent and the Wings of Night,Carissa Broadbent,"Broadbent, Carissa",,"=""""","=""""",4,4.27,Independently Published,Kindle Edition,504.0,2022,2022.0,2025/07/27,2024/03/05,,,read,1,0,The Serpent and the Wings of Night,Crowns of Nyaxia,1
222946916,For Whom the Belle Tolls,Jaysea Lynn,"Lynn, Jaysea",,"=""""","=""9798991230506""",0,4.49,Jaysea Lynn Williams,Kindle Edition,695.0,2024,2025.0,,2025/07/25,to-read,to-read (#238),to-read,0,0,For Whom the Belle Tolls,Hell's Belles,1
17674968,The Necromancer's House,Christopher Buehlman,"Buehlman, Christopher",,"=""0425256650""","=""9780425256657""",0,3.76,Ace,Hardcover,410.0,2013,2013.0,,2025/07/25,to-read,to-read (#237),to-read,0,0,The Necromancer's House,,
49826643,Daughter of No Worlds,Carissa Broadbent,"Broadbent, Carissa",,"=""""","=""""",0,4.02,,Kindle Edition,520.0,2020,2020.0,,2025/07/23,to-read,to-read (#236),to-read,0,0,Daughter of No Worlds,The War of Lost Hearts,1
33784346,The Last Wish,Andrzej Sapkowski,"Sapkowski, Andrzej",,"=""0316438960""","=""9780316438964""",0,4.14,Orbit,Paperback,320.0,2017,1993.0,,2024/01/29,to-read,to-read (#31),to-read,0,0,The Last Wish,The Witcher,0.5
216867498,The Lamb,Lucy   Rose,"Rose, Lucy",,"=""1399619713""","=""9781399619714""",0,3.82,W&N,Hardcover,336.0,2025,2025.0,,2025/07/08,to-read,to-read (#235),to-read,0,0,The Lamb,,
62232755,Throne in the Dark,A.K. Caggiano,"Caggiano, A.K.",,"=""""","=""""",0,4.08,,Kindle Edition,459.0,2022,2022.0,,2025/06/30,to-read,to-read (#234),to-read,0,0,Throne in the Dark,Villains & Virtues,1
205435930,Bull Moon Rising,Ruby Dixon,"Dixon, Ruby",,"=""0593817028""","=""9780593817025""",0,3.92,Ace,Hardcover,432.0,2024,2024.0,,2025/05/29,to-read,to-read (#233),to-read,0,0,Bull Moon Rising,Royal Artifactual Guild,1
217171544,Shield of Sparrows,Devney Perry,"Perry, Devney",,"=""1649378513""","=""9781649378514""",0,4.42,Entangled: Red Tower Books,Hardcover,528.0,2025,2025.0,,2025/05/29,to-read,to-read (#232),to-read,0,0,Shield of Sparrows,Shield of Sparrows,1
63890424,The Stars Are Dying,C.C. Peñaranda,"Peñaranda, C.C.",,"=""1915534046""","=""9781915534040""",0,3.43,Lumarias Press,Kindle Edition,566.0,2023,2023.0,,2025/05/29,to-read,to-read (#231),to-read,0,0,The Stars Are Dying,Nytefall,1
36512332,Flowers for Algernon,Daniel Keyes,"Keyes, Daniel",,"=""""","=""""",0,4.23,Mariner Books,ebook,219.0,2007,1966.0,,2024/05/23,currently-reading,currently-reading (#4),currently-reading,1,0,Flowers for Algernon,,
17934530,Annihilation,Jeff VanderMeer,"VanderMeer, Jeff",,"=""0374104093""","=""9780374104092""",0,3.79,"Farrar, Straus and Giroux",Paperback,195.0,2014,2014.0,,2024/01/29,currently-reading,currently-reading (#3),currently-reading,1,0,Annihilation,Southern Reach,1
32855689,You Should Have Left,Daniel Kehlmann,"Kehlmann, Daniel",DaNi,"=""1101871989""","=""9781101871980""",4,3.41,Vintage,Kindle Edition,113.0,2017,2016.0,2025/05/15,2025/03/12,,,read,1,0,You Should Have Left,,
214907249,Fearless,Lauren  Roberts,"Roberts, Lauren",,"=""""","=""""",4,4.09,Simon & Schuster Children's UK,Kindle Edition,608.0,2025,2025.0,2025/05/08,2025/04/12,,,read,1,0,Fearless,The Powerless Trilogy,3
54698696,Meet Me in Another Life,Catriona Silvey,"Silvey, Catriona",,"=""0063020203""","=""9780063020207""",0,3.73,William Morrow,Hardcover,320.0,2021,2021.0,,2025/04/28,to-read,to-read (#230),to-read,0,0,Meet Me in Another Life,,
36118682,Wicked Saints,Emily A. Duncan,"Duncan, Emily A.",,"=""1250195667""","=""9781250195661""",0,3.56,Wednesday Books,Hardcover,385.0,2019,2019.0,,2025/04/28,to-read,to-read (#229),to-read,0,0,Wicked Saints,Something Dark and Holy,1
40718386,The Passengers,John Marrs,"Marrs, John",,"=""1473558522""","=""9781473558526""",0,4.06,Ebury Digital,ebook,400.0,2019,2019.0,,2025/04/21,to-read,to-read (#228),to-read,0,0,The Passengers,,
228665,The Eye of the World,Robert Jordan,"Jordan, Robert",,"=""0812511816""","=""9780812511819""",0,4.19,Tor Books,Mass Market Paperback,800.0,1990,1990.0,,2025/04/20,to-read,to-read (#227),to-read,0,0,The Eye of the World,The Wheel of Time,1
112750,Darkfever,Karen Marie Moning,"Moning, Karen Marie",,"=""0385339151""","=""9780385339155""",0,4.05,Delacorte Press,Hardcover,309.0,2006,2006.0,,2025/04/18,to-read,to-read (#226),to-read,0,0,Darkfever,Fever,1
35155381,Song of the Forever Rains,E.J. Mellow,"Mellow, E.J.",,"=""1542026059""","=""""",0,3.93,Montlake,Kindle Edition,423.0,2021,2021.0,,2025/04/18,to-read,to-read (#225),to-read,0,0,Song of the Forever Rains,Mousai,1
53968496,The Prison Healer,Lynette Noni,"Noni, Lynette",,"=""0358434556""","=""9780358434559""",0,4.17,Clarion Books,Hardcover,416.0,2021,2021.0,,2025/04/18,to-read,to-read (#224),to-read,0,0,The Prison Healer,The Prison Healer,1
59479184,Nightshade,Keri Lake,"Lake, Keri",,"=""""","=""9798753529800""",0,3.98,Independently published,Paperback,676.0,2021,2021.0,,2025/04/18,to-read,to-read (#223),to-read,0,0,Nightshade,Nightshade,1
211004124,Gifted & Talented,Olivie Blake,"Blake, Olivie",,"=""1250883407""","=""9781250883407""",0,3.56,Tor Books,Hardcover,512.0,2025,2025.0,,2025/04/18,to-read,to-read (#222),to-read,0,0,Gifted & Talented,,
60880813,The Things We Do to Our Friends,Heather Darwent,"Darwent, Heather",,"=""0593497163""","=""9780593497166""",0,3.2,Bantam,Hardcover,336.0,2023,2023.0,,2025/04/18,to-read,to-read (#221),to-read,0,0,The Things We Do to Our Friends,,
36530830,Daughters of the Lake,Wendy     Webb,"Webb, Wendy",,"=""1503956342""","=""9781503956346""",0,4.01,Lake Union Publishing,Kindle Edition,321.0,2018,2018.0,,2025/04/18,to-read,to-read (#220),to-read,0,0,Daughters of the Lake,,
18509623,The Girl from the Well,Rin Chupeco,"Chupeco, Rin",,"=""140229218X""","=""9781402292187""",0,3.82,Sourcebooks Fire,Hardcover,267.0,2014,2014.0,,2025/04/17,to-read,to-read (#219),to-read,1,0,The Girl from the Well,The Girl from the Well,1
203840597,Powerful,Lauren  Roberts,"Roberts, Lauren",,"=""""","=""""",3,4.12,Simon & Schuster Children's UK,Kindle Edition,272.0,2024,2024.0,2025/04/17,2025/04/16,,,read,1,0,Powerful,The Powerless Trilogy,1.5
222953258,Depths of Vanalf,Brady Hunsaker,"Hunsaker, Brady",,"=""""","=""""",0,4.04,,Kindle Edition,446.0,2025,,,2025/04/16,to-read,to-read (#218),to-read,0,0,Depths of Vanalf,Grimnir Chronicles,1
40940649,I Am Legend,Richard Matheson,"Matheson, Richard",,"=""0795315635""","=""9780795315633""",3,4.05, RosettaBooks ,Kindle Edition,162.0,2011,1954.0,2025/04/12,2024/03/21,,,read,1,0,I Am Legend,,
209439468,The City in Glass,Nghi Vo,"Vo, Nghi",,"=""1250348277""","=""9781250348272""",0,3.71,Tordotcom,Hardcover,216.0,2024,2024.0,,2025/04/12,to-read,to-read (#217),to-read,0,0,The City in Glass,,
14578407,Penpal,Dathan Auerbach,"Auerbach, Dathan",,"=""098554550X""","=""9780985545505""",0,3.86,1000Vultures,Paperback,242.0,2012,2012.0,,2025/04/11,to-read,to-read (#216),to-read,0,0,Penpal,,
52028992,Negative Space,B.R. Yeager,"Yeager, B.R.",,"=""1733569456""","=""9781733569453""",0,3.7,Apocalypse Party,Paperback,364.0,2020,2020.0,,2025/04/11,to-read,to-read (#215),to-read,0,0,Negative Space,,
199757490,Incidents Around the House,Josh Malerman,"Malerman, Josh",,"=""0593723120""","=""9780593723128""",0,3.58,Del Rey,Hardcover,367.0,2024,2024.0,,2025/04/11,to-read,to-read (#214),to-read,0,0,Incidents Around the House,,
220772,Come Closer,Sara Gran,"Gran, Sara",,"=""0425210316""","=""9780425210314""",0,3.66,Berkley Trade,Paperback,194.0,2006,2003.0,,2025/04/11,to-read,to-read (#213),to-read,0,0,Come Closer,,
53285047,Bunny,Mona Awad,"Awad, Mona",,"=""0525559752""","=""9780525559757""",0,3.47,Penguin Books,Paperback,305.0,2020,2019.0,,2025/04/07,to-read,to-read (#212),to-read,0,0,Bunny,Bunny,1
61237041,The Foxglove King,Hannah F. Whitten,"Whitten, Hannah F.",,"=""031643499X""","=""9780316434997""",0,3.76,Orbit,Hardcover,467.0,2023,2023.0,,2025/04/05,to-read,to-read (#211),to-read,0,0,The Foxglove King,The Nightshade Crown,1
52397,Parable of the Sower,Octavia E. Butler,"Butler, Octavia E.",,"=""0446675504""","=""9780446675505""",0,4.2,Grand Central Publishing,Paperback,345.0,2000,1993.0,,2025/04/04,to-read,to-read (#210),to-read,0,0,Parable of the Sower,Earthseed,1
40698027,A Boy and His Dog at the End of the World,C.A. Fletcher,"Fletcher, C.A.",,"=""0316449458""","=""9780316449458""",0,4.15,Orbit,Hardcover,365.0,2019,2019.0,,2025/04/01,to-read,to-read (#209),to-read,0,0,A Boy and His Dog at the End of the World,,
31451186,Borne,Jeff VanderMeer,"VanderMeer, Jeff",,"=""0374115249""","=""9780374115241""",0,3.93,"MCD / Farrar, Straus and Giroux ",Hardcover,323.0,2017,2017.0,,2025/04/01,to-read,to-read (#208),to-read,0,0,Borne,Borne,1
40864002,A Psalm for the Wild-Built,Becky Chambers,"Chambers, Becky",,"=""""","=""""",0,4.23,Tordotcom,ebook,151.0,2021,2021.0,,2025/04/01,to-read,to-read (#207),to-read,0,0,A Psalm for the Wild-Built,Monk & Robot,1
210395729,Our Infinite Fates,Laura   Steven,"Steven, Laura",,"=""1250333881""","=""9781250333889""",0,3.68,Wednesday Books,Hardcover,352.0,2025,2025.0,,2025/04/01,to-read,to-read (#206),to-read,0,0,Our Infinite Fates,,
41057294,Normal People,Sally Rooney,"Rooney, Sally",,"=""1984822179""","=""9781984822178""",0,3.81,Crown,Hardcover,273.0,2019,2018.0,,2025/04/01,to-read,to-read (#205),to-read,0,0,Normal People,,
27833803,The Hike,Drew Magary,"Magary, Drew",,"=""0399563857""","=""9780399563850""",0,3.97,Viking,Hardcover,278.0,2016,2016.0,,2025/03/31,to-read,to-read (#204),to-read,0,0,The Hike,,
50607309,Reign & Ruin,J.D.  Evans,"Evans, J.D.",,"=""1951607015""","=""9781951607012""",0,4.21,Whippoorwill Press LLC ,Paperback,420.0,2020,2020.0,,2025/03/31,to-read,to-read (#203),to-read,0,0,Reign & Ruin,Mages of the Wheel,1
170448,Animal Farm,George Orwell,"Orwell, George","Russell Baker, C.M. Woodhouse","=""0451526341""","=""9780451526342""",4,4.01,Signet Classics,Mass Market Paperback,141.0,1996,1945.0,2025/03/30,2024/03/04,,,read,1,0,Animal Farm,,
204294822,Where I End,Sophie White,"White, Sophie",,"=""1645661857""","=""9781645661856""",0,3.84,Erewhon Books,Hardcover,241.0,2024,2022.0,,2025/03/30,to-read,to-read (#202),to-read,0,0,Where I End,,
27228341,Land of the Beautiful Dead,R. Lee Smith,"Smith, R. Lee",,"=""""","=""""",0,4.12,Red Hot Romance,Unknown Binding,751.0,2015,2015.0,,2025/03/29,to-read,to-read (#201),to-read,0,0,Land of the Beautiful Dead,,
25813942,This Tender Land,William Kent Krueger,"Krueger, William Kent",,"=""1476749299""","=""9781476749297""",0,4.39,Atria Books,Hardcover,450.0,2019,2019.0,,2025/03/29,to-read,to-read (#200),to-read,0,0,This Tender Land,,
13537029,The Song of Achilles,Madeline Miller,"Miller, Madeline",,"=""""","=""""",5,4.31,HarperCollins,Kindle Edition,351.0,2012,2011.0,2025/03/29,2024/02/24,,,read,1,0,The Song of Achilles,,
93269,Earth Abides,George R. Stewart,"Stewart, George R.",,"=""0345487133""","=""9780345487131""",0,3.94,Del Rey,Paperback,345.0,2006,1949.0,,2025/03/29,to-read,to-read (#199),to-read,0,0,Earth Abides,,
27833670,Dark Matter,Blake Crouch,"Crouch, Blake",,"=""1101904224""","=""9781101904220""",0,4.13,Ballantine Books,Hardcover,342.0,2016,2016.0,,2025/03/29,to-read,to-read (#198),to-read,0,0,Dark Matter,,
42046112,Recursion,Blake Crouch,"Crouch, Blake",,"=""1524759783""","=""9781524759780""",0,4.17,Crown,Hardcover,329.0,2019,2019.0,,2025/03/29,to-read,to-read (#197),to-read,0,0,Recursion,,
183086339,Reckless,Lauren  Roberts,"Roberts, Lauren",,"=""""","=""""",5,4.08,Simon & Schuster Children's UK,Kindle Edition,396.0,2024,2024.0,2025/03/26,2025/03/24,,,read,1,0,Reckless,The Powerless Trilogy,2
54621094,The Last House on Needless Street,Catriona Ward,"Ward, Catriona",,"=""1788166167""","=""9781788166164""",0,3.82,Viper,Hardcover,337.0,2021,2021.0,,2025/03/26,to-read,to-read (#196),to-read,0,0,The Last House on Needless Street,,
214331246,Sunrise on the Reaping,Suzanne Collins,"Collins, Suzanne",,"=""1546171460""","=""9781546171461""",5,4.52,Scholastic Press,Hardcover,387.0,2025,2025.0,2025/03/19,2024/06/12,,,read,1,0,Sunrise on the Reaping,The Hunger Games,0.5
75513900,Powerless,Lauren  Roberts,"Roberts, Lauren",,"=""""","=""""",4,4.17,,Kindle Edition,526.0,2023,2023.0,2025/03/24,2024/01/29,,,read,1,0,Powerless,The Powerless Trilogy,1
75396525,The Coven,Harper L. Woods,"Woods, Harper L.",,"=""""","=""""",0,3.72,,Kindle Edition,298.0,2023,2023.0,,2025/03/24,to-read,to-read (#195),to-read,0,0,The Coven,Coven of Bones,1
195853541,In Universes,Emet North,"North, Emet",,"=""0063314878""","=""9780063314870""",0,3.82,Harper,Hardcover,240.0,2024,2024.0,,2025/03/23,to-read,to-read (#194),to-read,0,0,In Universes,,
197697866,A Game of Love and Betrayal,Elayna R. Gallea,"Gallea, Elayna R.",,"=""1998219097""","=""9781998219094""",0,3.78,Amazon Digital Services,Kindle Edition,410.0,2024,2024.0,,2025/03/23,to-read,to-read (#193),to-read,0,0,A Game of Love and Betrayal,The Choosing Chronicles,1
136276877,The Last Murder at the End of the World,Stuart Turton,"Turton, Stuart",,"=""""","=""""",0,3.67,Sourcebooks Landmark,Hardcover,368.0,2024,2024.0,,2025/03/22,to-read,to-read (#192),to-read,0,0,The Last Murder at the End of the World,,
123429195,That's Not My Name,Megan Lally,"Lally, Megan",,"=""1728270111""","=""9781728270111""",0,4.06,Sourcebooks Fire,Paperback,297.0,2023,2023.0,,2025/03/22,to-read,to-read (#191),to-read,0,0,That's Not My Name,,
16143347,We Were Liars,E. Lockhart,"Lockhart, E.",,"=""0385741278""","=""9780385741279""",4,3.65,Delacorte Press,Paperback,320.0,2018,2014.0,2025/03/22,2025/03/21,,,read,1,0,We Were Liars,,
17347634,Me Before You,Jojo Moyes,"Moyes, Jojo",,"=""0670026603""","=""9780670026609""",0,4.26,Pamela Dorman Books,Hardcover,369.0,2012,2012.0,,2025/03/21,to-read,to-read (#190),to-read,0,0,Me Before You,Me Before You,1
18774964,A Man Called Ove,Fredrik Backman,"Backman, Fredrik",Henning Koch,"=""1476738017""","=""9781476738017""",0,4.38,Atria Books,Hardcover,337.0,2014,2012.0,,2025/03/21,to-read,to-read (#189),to-read,0,0,A Man Called Ove,,
60784546,Divine Rivals,Rebecca   Ross,"Ross, Rebecca",,"=""1250857430""","=""9781250857439""",0,4.15,Wednesday Books,Hardcover,368.0,2023,2023.0,,2025/03/21,to-read,to-read (#188),to-read,0,0,Divine Rivals,Letters of Enchantment,1
28759,Magic's Pawn,Mercedes Lackey,"Lackey, Mercedes",,"=""0886773520""","=""9780886773526""",0,4.2,DAW Books Inc,Mass Market Paperback,349.0,1989,1989.0,,2025/03/20,to-read,to-read (#187),to-read,0,0,Magic's Pawn,The Last Herald-Mage,1
60811826,I Who Have Never Known Men,Jacqueline Harpman,"Harpman, Jacqueline","Ros Schwartz, Sophie Mackintosh","=""1945492600""","=""9781945492600""",0,4.13,Transit Books,Paperback,184.0,2022,1995.0,,2025/03/19,to-read,to-read (#186),to-read,0,0,I Who Have Never Known Men,,
38180,On the Beach,Nevil Shute,"Shute, Nevil",,"=""""","=""""",0,3.98,House of Stratus Ltd,Paperback,296.0,2002,1957.0,,2025/03/19,to-read,to-read (#185),to-read,0,0,On the Beach,,
6148028,Catching Fire,Suzanne Collins,"Collins, Suzanne",,"=""0439023491""","=""9780439023498""",5,4.35,Scholastic Press,Hardcover,391.0,2009,2009.0,,2024/02/01,,,read,2,0,Catching Fire,The Hunger Games,2
59070304,Citadel,C.M. Alongi,"Alongi, C.M.",,"=""""","=""9798200836420""",0,4.34,Blackstone Publishing,Hardcover,350.0,2023,2023.0,,2025/03/13,to-read,to-read (#184),to-read,0,0,Citadel,,
64246349,To Kill a Necromancer,C.M. Alongi,"Alongi, C.M.",,"=""""","=""""",0,4.46,,Kindle Edition,88.0,2023,,,2025/03/13,to-read,to-read (#183),to-read,0,0,To Kill a Necromancer,Blackwing,1
38393457,"Break The Bodies, Haunt The Bones",Micah Dean Hicks,"Hicks, Micah Dean",,"=""1328566455""","=""9781328566454""",0,3.62,Harper Voyager,Hardcover,304.0,2019,2019.0,,2025/03/12,to-read,to-read (#182),to-read,0,0,"Break The Bodies, Haunt The Bones",,
2767052,The Hunger Games,Suzanne Collins,"Collins, Suzanne",,"=""0439023483""","=""9780439023481""",5,4.35,Scholastic Press,Hardcover,374.0,2008,2008.0,,2024/02/01,,,read,3,0,The Hunger Games,The Hunger Games,1
63910262,Two Twisted Crowns,Rachel Gillig,"Gillig, Rachel",,"=""0356519503""","=""9780356519500""",5,4.4,Orbit,Paperback,437.0,2023,2023.0,2025/03/10,2025/03/05,,,read,1,0,Two Twisted Crowns,The Shepherd King,2
29914932,Windows into Hell,James Wymore,"Wymore, James","Michaelbrent Collings, Mette Ivie Harrison, Jay Wilburn, Tonya Adolfson, R.A. Baxter, D.J. Butler, Sarah E Seeley, Steven L. Peck","=""1620071606""","=""9781620071601""",0,3.61,Curiosity Quills Press,Paperback,264.0,2016,2016.0,,2025/03/06,to-read,to-read (#181),to-read,0,0,Windows into Hell,,
172366,The Library of Babel,Jorge Luis Borges,"Borges, Jorge Luis","Erik Desmazieres, Andrew Hurley, Angela Giral","=""156792123X""","=""9781567921236""",0,4.3,David R Godine Pub,Hardcover,176.0,2000,1941.0,,2025/03/06,to-read,to-read (#180),to-read,0,0,The Library of Babel,,
341735,Replay,Ken Grimwood,"Grimwood, Ken",,"=""068816112X""","=""9780688161125""",0,4.15,William Morrow Paperbacks,Paperback,311.0,1998,1987.0,,2025/03/06,to-read,to-read (#179),to-read,0,0,Replay,,
13456414,A Short Stay in Hell,Steven L. Peck,"Peck, Steven L.",,"=""098374842X""","=""9780983748427""",5,4.17,Strange Violin Editions,Paperback,104.0,2012,2011.0,2025/03/06,2024/04/12,,,read,1,0,A Short Stay in Hell,,
45892228,Crave,Tracy Wolff,"Wolff, Tracy",,"=""1640638954""","=""9781640638952""",0,3.77,Entangled: Teen,Hardcover,575.0,2020,2020.0,,2025/03/06,to-read,to-read (#178),to-read,0,0,Crave,Crave,1
205335957,The Knight and the Moth,Rachel Gillig,"Gillig, Rachel",,"=""0356522962""","=""9780356522968""",0,4.32,Orbit,Hardcover,385.0,2025,2025.0,,2025/03/05,to-read,to-read (#177),to-read,0,0,The Knight and the Moth,The Stonewater Kingdom,1
58340706,One Dark Window,Rachel Gillig,"Gillig, Rachel",,"=""0316312487""","=""9780316312486""",5,4.27,Orbit,Paperback,432.0,2022,2022.0,2025/03/05,2024/04/01,,,read,1,0,One Dark Window,The Shepherd King,1
17855756,Dust,Hugh Howey,"Howey, Hugh",,"=""1490904387""","=""9781490904382""",5,4.23,Broad Reach Publishing,Paperback,458.0,2013,2013.0,2025/03/02,2024/01/29,,,read,1,0,Dust,Silo,3
40874032,Vicious,V.E. Schwab,"Schwab, V.E.",Victoria Schwab,"=""""","=""""",0,4.19,Tor Books,Kindle Edition,402.0,2013,2013.0,,2025/02/28,to-read,to-read (#176),to-read,0,0,Vicious,Villains,1
201017011,Lights Out,Navessa Allen,"Allen, Navessa",,"=""""","=""""",0,4.12,,Kindle Edition,338.0,2024,2024.0,,2025/02/27,to-read,to-read (#175),to-read,0,0,Lights Out,Into Darkness,1
199313243,Get in My Swamp,G.M. Fairy,"Fairy, G.M.",,"=""""","=""9798215196236""",0,3.09,,ebook,0.0,2023,,,2025/02/27,to-read,to-read (#174),to-read,0,0,Get in My Swamp,Get in My Swamp,1
202076315,Bad Beehavior,G.M. Fairy,"Fairy, G.M.",,"=""""","=""""",0,3.35,G.M. Fairy Books,Kindle Edition,236.0,2024,,,2025/02/27,to-read,to-read (#173),to-read,0,0,Bad Beehavior,,
25128811,Ice Planet Barbarians,Ruby Dixon,"Dixon, Ruby",,"=""""","=""""",0,3.62,Ruby Dixon,Kindle Edition,188.0,2015,2015.0,,2025/02/27,to-read,to-read (#172),to-read,0,0,Ice Planet Barbarians,Ice Planet Barbarians,1
35187182,The Outrun,Amy Liptrot,"Liptrot, Amy",,"=""0393355594""","=""9780393355598""",0,3.97,W. W. Norton & Company,Paperback,312.0,2018,2015.0,,2025/02/26,to-read,to-read (#171),to-read,0,0,The Outrun,,
17306293,Shift,Hugh Howey,"Howey, Hugh",,"=""""","=""""",5,4.13,Broad Reach Publishing,Kindle Edition,579.0,2013,2013.0,2025/02/25,2024/01/29,,,read,1,0,Shift,Silo,2
58763686,Haunting Adeline,H.D. Carlton,"Carlton, H.D.",,"=""""","=""""",3,3.94,,Kindle Edition,583.0,2021,2021.0,2025/02/24,2024/01/29,,,read,1,0,Haunting Adeline,Cat and Mouse,1
60531406,Tress of the Emerald Sea,Brandon Sanderson,"Sanderson, Brandon",Howard Lyon,"=""""","=""""",0,4.33,Dragonsteel Entertainment,Kindle Edition,443.0,2023,2023.0,,2025/02/24,to-read,to-read (#170),to-read,0,0,Tress of the Emerald Sea,,
136470356,Nocticadia,Keri Lake,"Lake, Keri",,"=""""","=""""",0,4.2,,Kindle Edition,682.0,2023,2023.0,,2025/02/21,to-read,to-read (#169),to-read,0,0,Nocticadia,,
204593914,Phantasma,Kaylie Smith,"Smith, Kaylie",,"=""1538769255""","=""9781538769256""",0,4.06,Forever,Paperback,497.0,2024,2024.0,,2025/02/21,to-read,to-read (#168),to-read,0,0,Phantasma,Wicked Games,1
57693457,Mickey7,Edward Ashton,"Ashton, Edward",,"=""1250275032""","=""9781250275035""",0,3.78,St. Martin's Press,Hardcover,296.0,2022,2022.0,,2025/02/18,to-read,to-read (#167),to-read,0,0,Mickey7,Mickey7,1
50892288,The Hollow Places,T. Kingfisher,"Kingfisher, T.",,"=""1534451129""","=""9781534451124""",0,3.79,Gallery Books,Paperback,341.0,2020,2020.0,,2025/02/17,to-read,to-read (#166),to-read,0,0,The Hollow Places,,
127305713,Heartless Hunter,Kristen Ciccarelli,"Ciccarelli, Kristen",,"=""1250866901""","=""9781250866905""",0,4.18,Wednesday Books,Hardcover,406.0,2024,2024.0,,2025/02/17,to-read,to-read (#165),to-read,0,0,Heartless Hunter,The Crimson Moth,1
50663055,Elder Race,Adrian Tchaikovsky,"Tchaikovsky, Adrian",,"=""1250768721""","=""9781250768728""",0,4.09,Tordotcom,Paperback,199.0,2021,2021.0,,2025/02/16,to-read,to-read (#164),to-read,0,0,Elder Race,,
57748116,Satan's Affair,H.D. Carlton,"Carlton, H.D.",,"=""""","=""""",3,3.71,Independently Published,Kindle Edition,197.0,2021,2021.0,2025/02/16,2025/02/16,,,read,1,0,Satan's Affair,Cat and Mouse,0.5
59023378,Wool,Hugh Howey,"Howey, Hugh",,"=""""","=""""",4,4.23,John Joseph Adams/Houghton Mifflin Harcourt,ebook,584.0,2020,2012.0,2025/02/14,2024/01/29,,,read,1,0,Wool,Silo Trilogy,1
1934,Little Women,Louisa May Alcott,"Alcott, Louisa May","Regina Barreca, Grzegorz Komerski, Marta Fihel","=""""","=""""",0,4.17,Signet Classics,Mass Market Paperback,449.0,2004,1868.0,,2025/02/11,to-read,to-read (#163),to-read,0,0,Little Women,Little Women,1
26892110,The Library at Mount Char,Scott  Hawkins,"Hawkins, Scott",,"=""0553418629""","=""9780553418620""",0,4.06,Crown,Paperback,390.0,2016,2015.0,,2025/02/10,to-read,to-read (#162),to-read,0,0,The Library at Mount Char,,
34311452,Year One,Nora Roberts,"Roberts, Nora",,"=""1250122953""","=""9781250122957""",0,4.06,St. Martin's Press,Hardcover,419.0,2017,2017.0,,2025/02/07,to-read,to-read (#161),to-read,0,0,Year One,Chronicles of The One,1
56179338,All of Us Villains,Amanda Foody,"Foody, Amanda",C.L. Herman,"=""1250789257""","=""9781250789259""",0,3.85,Tor Teen,Hardcover,400.0,2021,2021.0,,2025/02/07,to-read,to-read (#160),to-read,0,0,All of Us Villains,All of Us Villains,1
20613761,Citizen: An American Lyric,Claudia Rankine,"Rankine, Claudia",,"=""1555976905""","=""9781555976903""",0,4.25,Graywolf Press,Paperback,169.0,2014,2014.0,,2025/02/06,to-read,to-read (#159),to-read,0,0,Citizen: An American Lyric,,
16086362,The Park Service,Ryan Winfield,"Winfield, Ryan",,"=""0988348209""","=""9780988348202""",0,3.73,Birch Paper Press,Paperback,338.0,2012,2012.0,,2025/02/03,to-read,to-read (#158),to-read,0,0,The Park Service,Park Service Trilogy,1
13928,Daughter of the Forest,Juliet Marillier,"Marillier, Juliet",,"=""""","=""""",0,4.29,Tom Doherty Associates,Mass Market Paperback,554.0,2002,1999.0,,2025/01/28,to-read,to-read (#157),to-read,0,0,Daughter of the Forest,Sevenwaters,1
209439446,Onyx Storm,Rebecca Yarros,"Yarros, Rebecca",,"=""1649374186""","=""9781649374189""",5,4.21,Red Tower Books,Hardcover,544.0,2025,2025.0,2025/01/27,2025/01/21,,,read,1,0,Onyx Storm,The Empyrean,3
50523477,The Jasmine Throne,Tasha Suri,"Suri, Tasha",,"=""0356515648""","=""9780356515649""",0,4.11,Orbit,Paperback,533.0,2021,2021.0,,2025/01/27,to-read,to-read (#156),to-read,0,0,The Jasmine Throne,The Burning Kingdoms,1
60568206,The Sun and the Void,Gabriela Romero Lacruz,"Lacruz, Gabriela Romero",,"=""0316336440""","=""9780316336444""",0,3.3,Orbit,Paperback,511.0,2023,2023.0,,2025/01/27,to-read,to-read (#155),to-read,0,0,The Sun and the Void,The Warring Gods,1
68428,Mistborn: The Final Empire,Brandon Sanderson,"Sanderson, Brandon",,"=""""","=""9780765311788""",0,4.49,Tor Books,Hardcover,541.0,2006,2006.0,,2025/01/26,to-read,to-read (#154),to-read,0,0,Mistborn: The Final Empire,Mistborn,1
54513688,Realm Breaker,Victoria Aveyard,"Aveyard, Victoria",,"=""""","=""""",0,3.58,Orion Publishing,ebook,576.0,2021,2021.0,,2025/01/22,to-read,to-read (#153),to-read,0,0,Realm Breaker,Realm Breaker,1
61439818,Eden Rising,Shade Owens,"Owens, Shade",,"=""""","=""""",0,4.02,Red Raven Publishing,Kindle Edition,419.0,2022,,,2025/01/19,to-read,to-read (#152),to-read,0,0,Eden Rising,The Dark Sanctuary,1
10108463,The Devil All the Time,Donald Ray Pollock,"Pollock, Donald Ray",,"=""038553504X""","=""9780385535045""",0,4.14,Doubleday,Hardcover,261.0,2011,2011.0,,2025/01/16,to-read,to-read (#151),to-read,0,0,The Devil All the Time,,
50659467,A Court of Thorns and Roses,Sarah J. Maas,"Maas, Sarah J.",,"=""1635575567""","=""9781635575569""",5,4.16,Bloomsbury Publishing,Paperback,419.0,2020,2015.0,,2024/02/01,,,read,1,0,A Court of Thorns and Roses,A Court of Thorns and Roses,1
18007564,The Martian,Andy Weir,"Weir, Andy",,"=""0804139024""","=""9780804139021""",5,4.42,Ballantine Books,Hardcover,384.0,2014,2011.0,2025/01/14,2024/01/29,,,read,1,0,The Martian,,
65213595,Starling House,Alix E. Harrow,"Harrow, Alix E.",,"=""1250799058""","=""9781250799050""",0,3.79,Tor Books,Hardcover,320.0,2023,2023.0,,2025/01/14,to-read,to-read (#150),to-read,0,0,Starling House,,
90202302,Iron Flame,Rebecca Yarros,"Yarros, Rebecca",,"=""1649374178""","=""9781649374172""",5,4.36,Entangled: Red Tower Books,Hardcover,623.0,2023,2023.0,2024/04/02,2024/01/29,,,read,2,0,Iron Flame,The Empyrean,2
11438,What We Talk About When We Talk About Love,Raymond Carver,"Carver, Raymond",,"=""0679723056""","=""9780679723059""",0,4.01,Vintage Books,Paperback,159.0,1989,1981.0,,2025/01/10,currently-reading,currently-reading (#2),currently-reading,1,0,What We Talk About When We Talk About Love,,
195790847,A Sorceress Comes to Call,T. Kingfisher,"Kingfisher, T.",,"=""1250244072""","=""9781250244079""",0,4.05,Tor Books,Hardcover,321.0,2024,2024.0,,2024/11/15,to-read,to-read (#149),to-read,0,0,A Sorceress Comes to Call,,
199798006,We Used to Live Here,Marcus Kliewer,"Kliewer, Marcus",,"=""1982198788""","=""9781982198787""",0,3.64,Atria/Emily Bestler Books,Hardcover,312.0,2024,2024.0,,2024/11/15,to-read,to-read (#148),to-read,0,0,We Used to Live Here,,
209741142,Anathema,Keri Lake,"Lake, Keri",,"=""""","=""""",0,4.23,,Unknown Binding,690.0,2024,2024.0,,2024/10/30,to-read,to-read (#147),to-read,0,0,Anathema,The Eating Woods,1
55338982,Cultish: The Language of Fanaticism,Amanda Montell,"Montell, Amanda",,"=""0062993151""","=""9780062993151""",0,3.81,Harper,Hardcover,309.0,2021,2021.0,,2024/10/10,to-read,to-read (#146),to-read,0,0,Cultish: The Language of Fanaticism,,
123349658,Rain of Shadows and Endings,Melissa K. Roehrich,"Roehrich, Melissa K.",,"=""""","=""""",0,3.99,,Kindle Edition,670.0,2023,2023.0,,2024/09/26,to-read,to-read (#145),to-read,0,0,Rain of Shadows and Endings,,
205899692,The Story Collector,Evie  Woods,"Woods, Evie",Evie Gaughan,"=""0008706662""","=""9780008706661""",0,4.0,One More Chapter,Kindle Edition,358.0,2024,2018.0,,2024/09/12,to-read,to-read (#144),to-read,0,0,The Story Collector,,
58733693,Remarkably Bright Creatures,Shelby Van Pelt,"Pelt, Shelby Van",,"=""0063204150""","=""9780063204157""",0,4.36,Ecco,Hardcover,368.0,2022,2022.0,,2024/09/12,to-read,to-read (#143),to-read,0,0,Remarkably Bright Creatures,,
136251,Harry Potter and the Deathly Hallows,J.K. Rowling,"Rowling, J.K.",,"=""""","=""""",0,4.62,Arthur A. Levine Books,Hardcover,759.0,2007,2007.0,,2024/01/29,currently-reading,currently-reading (#1),currently-reading,1,0,Harry Potter and the Deathly Hallows,Harry Potter,7
113436,Eragon,Christopher Paolini,"Paolini, Christopher",,"=""0375826696""","=""9780375826696""",0,3.96,Alfred A. Knopf,Paperback,503.0,2005,2002.0,,2024/09/07,to-read,to-read (#142),to-read,0,0,Eragon,The Inheritance Cycle,1
1,Harry Potter and the Half-Blood Prince,J.K. Rowling,"Rowling, J.K.",,"=""""","=""""",5,4.58,Scholastic Inc,Paperback,652.0,2006,2005.0,2024/09/05,2024/01/29,,,read,1,0,Harry Potter and the Half-Blood Prince,Harry Potter,6
2,Harry Potter and the Order of the Phoenix,J.K. Rowling,"Rowling, J.K.",Mary GrandPré,"=""""","=""""",5,4.5,Scholastic Inc.,Paperback,870.0,2004,2003.0,2024/08/31,2024/01/29,,,read,1,0,Harry Potter and the Order of the Phoenix,Harry Potter,5
9361589,The Night Circus,Erin Morgenstern,"Morgenstern, Erin",,"=""""","=""9780385534635""",0,4.0,Doubleday,Hardcover,506.0,2011,2011.0,,2024/08/25,to-read,to-read (#141),to-read,0,0,The Night Circus,,
43352954,This Is How You Lose the Time War,Amal El-Mohtar,"El-Mohtar, Amal",Max Gladstone,"=""""","=""""",0,3.85,Saga Press,ebook,209.0,2019,2019.0,,2024/08/25,to-read,to-read (#140),to-read,0,0,This Is How You Lose the Time War,,
6,Harry Potter and the Goblet of Fire,J.K. Rowling,"Rowling, J.K.",Mary GrandPré,"=""0439139597""","=""9780439139595""",5,4.57,Scholastic,Paperback,734.0,2002,2000.0,2024/08/24,2024/01/29,,,read,1,0,Harry Potter and the Goblet of Fire,Harry Potter,4
16126596,The People in the Trees,Hanya Yanagihara,"Yanagihara, Hanya",,"=""0385536771""","=""9780385536776""",0,3.73,Doubleday,Hardcover,369.0,2013,2013.0,,2024/08/22,to-read,to-read (#139),to-read,0,0,The People in the Trees,,
5,Harry Potter and the Prisoner of Azkaban,J.K. Rowling,"Rowling, J.K.",Mary GrandPré,"=""043965548X""","=""9780439655484""",5,4.58,Scholastic Inc.,Mass Market Paperback,547.0,2004,1999.0,2024/08/19,2024/01/29,,,read,1,0,Harry Potter and the Prisoner of Azkaban,Harry Potter,3
42844108,The Giver,Lois Lowry,"Lowry, Lois",,"=""""","=""""",4,4.12,Clarion Books,Kindle Edition,239.0,2018,1993.0,2024/08/18,2024/01/29,,,read,1,0,The Giver,The Giver,1
17383543,Allegiant,Veronica Roth,"Roth, Veronica",,"=""0062209272""","=""9780062209276""",4,3.6,Katherine Tegen Books,Kindle Edition,329.0,2013,2013.0,,2024/07/03,,,read,2,0,Allegiant,Divergent,3
62066104,I Hope This Finds You Well,Natalie Sue,"Sue, Natalie",,"=""006332038X""","=""9780063320383""",0,3.74,William Morrow,Kindle Edition,349.0,2024,2024.0,,2024/08/15,to-read,to-read (#138),to-read,0,0,I Hope This Finds You Well,,
40495148,Blindness,José Saramago,"Saramago, José",Giovanni Pontiero,"=""""","=""""",0,4.18,Mariner Books,Kindle Edition,349.0,2013,1995.0,,2024/08/09,to-read,to-read (#137),to-read,0,0,Blindness,,
18693763,Everything I Never Told You,Celeste Ng,"Ng, Celeste",,"=""159420571X""","=""9781594205712""",0,3.83,Penguin Press,Hardcover,297.0,2014,2014.0,,2024/08/07,to-read,to-read (#136),to-read,0,0,Everything I Never Told You,,
5886881,Dark Places,Gillian Flynn,"Flynn, Gillian",,"=""0307341569""","=""9780307341563""",0,3.94,Shaye Areheart Books,Hardcover,424.0,2009,2009.0,,2024/08/07,to-read,to-read (#135),to-read,0,0,Dark Places,,
25733573,Reasons to Stay Alive,Matt Haig,"Haig, Matt",,"=""0143128728""","=""9780143128724""",0,4.06,Penguin Life,Paperback,256.0,2016,2015.0,,2024/08/01,to-read,to-read (#134),to-read,0,0,Reasons to Stay Alive,,
6514,The Bell Jar,Sylvia Plath,"Plath, Sylvia",,"=""0571268862""","=""9780571268863""",0,4.05,Harper Perennial Modern Classics,Paperback,294.0,2006,1963.0,,2024/07/23,to-read,to-read (#133),to-read,0,0,The Bell Jar,,
7171637,Clockwork Angel,Cassandra Clare,"Clare, Cassandra",,"=""1416975861""","=""9781416975861""",0,4.31,Margaret K. McElderry Books,Hardcover,479.0,2010,2010.0,,2024/07/14,to-read,to-read (#132),to-read,0,0,Clockwork Angel,The Infernal Devices,1
25446343,Muse of Nightmares,Laini Taylor,"Taylor, Laini",,"=""0316341711""","=""9780316341714""",0,4.41,"Little, Brown Books for Young Readers",Hardcover,514.0,2018,2018.0,,2024/07/13,to-read,to-read (#131),to-read,0,0,Muse of Nightmares,Strange the Dreamer,2
28449207,Strange the Dreamer,Laini Taylor,"Taylor, Laini",,"=""0316341681""","=""9780316341684""",0,4.28,"Little, Brown Books for Young Readers",Hardcover,532.0,2017,2017.0,,2024/07/13,to-read,to-read (#130),to-read,0,0,Strange the Dreamer,Strange the Dreamer,1
15881,Harry Potter and the Chamber of Secrets,J.K. Rowling,"Rowling, J.K.",Mary GrandPré,"=""""","=""""",4,4.43,Arthur A. Levine Books,Hardcover,352.0,1999,1998.0,2024/07/10,2024/01/29,,,read,2,0,Harry Potter and the Chamber of Secrets,Harry Potter,2
11735983,Insurgent,Veronica Roth,"Roth, Veronica",,"=""0007442912""","=""9780007442911""",4,3.96,HarperCollins Children's Books,Hardcover,525.0,2012,2012.0,2024/07/03,2024/06/28,,,read,1,0,Insurgent,Divergent,2
6339664,"Hush, Hush",Becca Fitzpatrick,"Fitzpatrick, Becca",,"=""1416989412""","=""9781416989417""",4,3.92,Simon & Schuster,Hardcover,391.0,2009,2009.0,,2024/02/01,,,read,1,0,"Hush, Hush","Hush, Hush",1
7791997,Crescendo,Becca Fitzpatrick,"Fitzpatrick, Becca",,"=""1416989439""","=""9781416989431""",4,3.98,Simon & Schuster,Hardcover,427.0,2010,2010.0,,2024/02/01,,,read,1,0,Crescendo,"Hush, Hush",2
5152478,Wintergirls,Laurie Halse Anderson,"Anderson, Laurie Halse",,"=""067001110X""","=""9780670011100""",4,3.96,Viking Books for Young Readers,Hardcover,278.0,2009,2009.0,,2024/02/03,,,read,1,0,Wintergirls,,
131267546,To Kill a Mockingbrd,Harper Lee,"Lee, Harper",,"=""""","=""""",5,4.26,Efinito,Hardcover,300.0,2022,1960.0,,2024/02/25,,,read,1,0,To Kill a Mockingbrd,,
5107,The Catcher in the Rye,J.D. Salinger,"Salinger, J.D.",,"=""0316769177""","=""9780316769174""",5,3.8,Back Bay Books,Paperback,277.0,2001,1951.0,,2024/02/25,,,read,1,0,The Catcher in the Rye,,
22628,The Perks of Being a Wallflower,Stephen Chbosky,"Chbosky, Stephen",,"=""""","=""""",5,4.24,MTV Books/Pocket Books,Hardcover,213.0,1999,2009.0,,2024/02/25,,,read,1,0,The Perks of Being a Wallflower,,
28132722,Harry Potter and the Sorcerer's Stone,J.K. Rowling,"Rowling, J.K.",Olly Moss,"=""""","=""""",4,4.47,Pottermore from J.K. Rowling,ebook,309.0,2015,1997.0,2024/07/02,2024/01/29,,,read,1,0,Harry Potter and the Sorcerer's Stone,Harry Potter,1
202507554,When the Moon Hatched,Sarah A. Parker,"Parker, Sarah A.",,"=""""","=""""",0,4.0,,Kindle Edition,718.0,2024,2024.0,,2024/06/30,to-read,to-read (#129),to-read,0,0,When the Moon Hatched,Moonfall,1
9717320,Divergent,Veronica Roth,"Roth, Veronica",,"=""""","=""""",3,4.13,Katherine Tegen Books,ebook,342.0,2011,2011.0,2024/06/28,2024/06/09,,,read,1,0,Divergent,Divergent,1
131036965,Forsaken Mate,Vasilisa Drake,"Drake, Vasilisa",,"=""""","=""""",0,3.76,,Kindle Edition,249.0,2023,,,2024/06/27,to-read,to-read (#128),to-read,0,0,Forsaken Mate,Shifted Fates,1
199420138,Gleam,Raven Kennedy,"Kennedy, Raven",,"=""1464224439""","=""9781464224430""",5,4.38,Bloom Books,Paperback,784.0,2024,2021.0,2024/06/24,2024/06/15,,,read,1,0,Gleam,The Plated Prisoner,3
17210598,The Bunker Diary,Kevin Brooks,"Brooks, Kevin",,"=""0141326123""","=""9780141326122""",0,3.8,Penguin,Paperback,268.0,2013,2013.0,,2024/06/24,to-read,to-read (#127),to-read,0,0,The Bunker Diary,,
40471,Outer Dark,Cormac McCarthy,"McCarthy, Cormac",,"=""0330314920""","=""9780330314923""",0,3.89,Picador,Paperback,256.0,2007,1968.0,,2024/06/24,to-read,to-read (#126),to-read,0,0,Outer Dark,,
6334,Never Let Me Go,Kazuo Ishiguro,"Ishiguro, Kazuo",,"=""1400078776""","=""9781400078776""",0,3.85,Vintage Books ,Paperback,288.0,2010,2005.0,,2024/06/24,to-read,to-read (#125),to-read,0,0,Never Let Me Go,,
60310757,Lightlark,Alex Aster,"Aster, Alex",,"=""1419760866""","=""9781419760860""",0,3.85,Harry N. Abrams,Hardcover,416.0,2022,2022.0,,2024/06/23,to-read,to-read (#124),to-read,0,0,Lightlark,Lightlark,1
123471760,Spark of the Everflame,Penn Cole,"Cole, Penn",,"=""""","=""""",0,4.18,,Kindle Edition,438.0,2023,2023.0,,2024/06/22,to-read,to-read (#123),to-read,0,0,Spark of the Everflame,Kindred's Curse,1
1584974,Lord of the Fading Lands,C.L. Wilson,"Wilson, C.L.",,"=""0843959770""","=""9780843959772""",0,3.95,Dorchester Pub Co Inc,Paperback,406.0,2007,2007.0,,2024/06/21,to-read,to-read (#122),to-read,0,0,Lord of the Fading Lands,Tairen Soul,1
11387515,Wonder,R.J. Palacio,"Palacio, R.J.",,"=""0375869026""","=""9780375869020""",0,4.36,Alfred A. Knopf,Hardcover,315.0,2012,2012.0,,2024/06/18,to-read,to-read (#121),to-read,0,0,Wonder,Wonder,1
196864520,Butcher & Blackbird,Brynne Weaver,"Weaver, Brynne",,"=""""","=""9798857497074""",0,4.02,Independently Published,Paperback,360.0,2023,2023.0,,2024/06/16,to-read,to-read (#120),to-read,0,0,Butcher & Blackbird,The Ruinous Love Trilogy,1
61116344,Glint,Raven Kennedy,"Kennedy, Raven",,"=""1405955058""","=""9781405955058""",5,4.15,Penguin,Kindle Edition,469.0,2022,2021.0,2024/06/15,2024/06/12,,,read,1,0,Glint,Plated Prisoner,2
56212081,Gild,Raven Kennedy,"Kennedy, Raven",,"=""8691989076""","=""9788691989071""",4,3.6,Independently published,Paperback,386.0,2020,2020.0,2024/06/12,2024/03/11,,,read,1,0,Gild,The Plated Prisoner,1
54102531,The Nickel Boys,Colson Whitehead,"Whitehead, Colson",,"=""""","=""""",5,4.25,Anchor ,Kindle Edition,210.0,2019,2019.0,2024/06/10,2024/05/23,,,read,1,0,The Nickel Boys,,
2113260,Shades of Grey,Jasper Fforde,"Fforde, Jasper",,"=""0670019631""","=""9780670019632""",0,4.15,Viking,Hardcover,390.0,2009,2009.0,,2024/06/09,to-read,to-read (#119),to-read,0,0,Shades of Grey,Shades of Grey,1
35900387,Eleanor Oliphant Is Completely Fine,Gail Honeyman,"Honeyman, Gail",,"=""0008172145""","=""9780008172145""",0,4.23,HarperCollins GB,Paperback,390.0,2018,2017.0,,2024/06/09,to-read,to-read (#118),to-read,0,0,Eleanor Oliphant Is Completely Fine,,
59820919,City of Gods and Monsters,Kayla   Edwards,"Edwards, Kayla",,"=""1777880734""","=""9781777880736""",0,3.79,,ebook,760.0,2022,2022.0,,2024/06/08,to-read,to-read (#117),to-read,0,0,City of Gods and Monsters,House of Devils,1
58210349,How High We Go in the Dark,Sequoia Nagamatsu,"Nagamatsu, Sequoia",,"=""0063072653""","=""9780063072657""",5,3.82,William Morrow Paperbacks,Paperback,292.0,2023,2022.0,2024/06/07,2024/05/23,,,read,1,0,How High We Go in the Dark,,
50269327,Earthlings,Sayaka Murata,"Murata, Sayaka",Ginny Tapley Takemori,"=""1783785675""","=""9781783785674""",0,3.6,Granta Books,Hardcover,247.0,2020,2018.0,,2024/05/30,to-read,to-read (#116),to-read,0,0,Earthlings,,
20344877,We Are All Completely Fine,Daryl Gregory,"Gregory, Daryl",,"=""1616961716""","=""9781616961718""",0,3.74,Tachyon Publications,Paperback,182.0,2014,2014.0,,2024/05/30,to-read,to-read (#115),to-read,0,0,We Are All Completely Fine,,
33124137,Pet Sematary,Stephen        King,"King, Stephen",,"=""""","=""""",0,4.08,Scribner,Kindle Edition,580.0,2014,1983.0,,2024/05/30,to-read,to-read (#114),to-read,0,0,Pet Sematary,,
25852828,A Little Life,Hanya Yanagihara,"Yanagihara, Hanya",,"=""0804172706""","=""9780804172707""",5,4.29,Vintage,Paperback,816.0,2016,2015.0,2024/05/29,2024/01/29,,,read,1,0,A Little Life,,
44890081,My Dark Vanessa,Kate Elizabeth Russell,"Russell, Kate Elizabeth",,"=""006294150X""","=""9780062941503""",0,4.1,William Morrow,Hardcover,373.0,2020,2020.0,,2024/05/28,to-read,to-read (#113),to-read,0,0,My Dark Vanessa,,
57739876,To Paradise,Hanya Yanagihara,"Yanagihara, Hanya",,"=""0385547935""","=""9780385547932""",0,3.74,Doubleday,Hardcover,720.0,2022,2022.0,,2024/05/28,to-read,to-read (#112),to-read,0,0,To Paradise,,
29044,The Secret History,Donna Tartt,"Tartt, Donna",,"=""1400031702""","=""9781400031702""",0,4.16,Vintage Books,Paperback,559.0,2004,1992.0,,2024/05/28,to-read,to-read (#111),to-read,0,0,The Secret History,,
5211,A Fine Balance,Rohinton Mistry,"Mistry, Rohinton",,"=""140003065X""","=""9781400030651""",0,4.38,Vintage,Paperback,603.0,1997,1995.0,,2024/05/28,to-read,to-read (#110),to-read,0,0,A Fine Balance,,
33253215,The Heart's Invisible Furies,John Boyne,"Boyne, John",,"=""""","=""""",0,4.51,Hogarth Press,Hardcover,582.0,2017,2017.0,,2024/05/28,to-read,to-read (#109),to-read,0,0,The Heart's Invisible Furies,,
60194162,Demon Copperhead,Barbara Kingsolver,"Kingsolver, Barbara",,"=""""","=""""",0,4.47,Harper,Hardcover,560.0,2022,2022.0,,2024/05/28,to-read,to-read (#108),to-read,0,0,Demon Copperhead,,
41880609,On Earth We're Briefly Gorgeous,Ocean Vuong,"Vuong, Ocean",,"=""0525562028""","=""9780525562023""",0,4.02,Penguin Press,Hardcover,246.0,2019,2019.0,,2024/05/28,to-read,to-read (#107),to-read,0,0,On Earth We're Briefly Gorgeous,,
99561,Looking for Alaska,John Green,"Green, John",,"=""1435249151""","=""9781435249158""",0,3.96,Speak,Paperback,221.0,2006,2005.0,,2024/02/01,,,read,1,0,Looking for Alaska,,
17333223,The Goldfinch,Donna Tartt,"Tartt, Donna",,"=""0316055433""","=""9780316055437""",0,3.96,"Little, Brown",Hardcover,771.0,2013,2013.0,,2024/05/28,to-read,to-read (#106),to-read,0,0,The Goldfinch,,
227711,I Know This Much Is True,Wally Lamb,"Lamb, Wally",,"=""0060987561""","=""9780060987565""",0,4.21,HarpPeren,Paperback,897.0,1999,1998.0,,2024/05/23,to-read,to-read (#105),to-read,0,0,I Know This Much Is True,,
12875258,Tell the Wolves I'm Home,Carol Rifka Brunt,"Brunt, Carol Rifka",,"=""0679644199""","=""9780679644194""",0,4.03,Random House,Hardcover,360.0,2012,2012.0,,2024/05/20,to-read,to-read (#104),to-read,0,0,Tell the Wolves I'm Home,,
59986018,The Book of Azrael,Amber V. Nicole,"Nicole, Amber V.",,"=""""","=""""",0,4.12,Rose and Star Publishing,Kindle Edition,572.0,2022,2022.0,2024/05/13,2024/03/11,,,read,1,0,The Book of Azrael,Gods & Monsters,1
36121086,Saving Noah,Lucinda Berry,"Berry, Lucinda",,"=""""","=""""",0,3.91,Rise Press,ebook,259.0,2017,2017.0,,2024/04/18,to-read,to-read (#103),to-read,0,0,Saving Noah,,
62343413,No One Rides For Free,Judith Sonnet,"Sonnet, Judith",,"=""""","=""""",0,2.73,,Kindle Edition,76.0,2022,2022.0,,2024/04/16,to-read,to-read (#102),to-read,0,0,No One Rides For Free,,
43575115,The Starless Sea,Erin Morgenstern,"Morgenstern, Erin",,"=""038554121X""","=""9780385541213""",0,3.84,Doubleday,Hardcover,498.0,2019,2019.0,,2024/04/12,to-read,to-read (#101),to-read,0,0,The Starless Sea,,
18505792,The Ocean at the End of the Lane,Neil Gaiman,"Gaiman, Neil",,"=""0062255665""","=""9780062255662""",0,4.02,William Morrow,Paperback,195.0,2014,2013.0,,2024/04/12,to-read,to-read (#100),to-read,0,0,The Ocean at the End of the Lane,,
195580026,Brutal Prince,Sophie Lark,"Lark, Sophie",,"=""""","=""""",0,3.74,,Kindle Edition,376.0,2023,2020.0,,2024/04/12,to-read,to-read (#99),to-read,0,0,Brutal Prince,Brutal Birthright,1
55868456,The Spear Cuts Through Water,Simon Jimenez,"Jimenez, Simon",,"=""0593156595""","=""9780593156599""",0,4.16,Del Rey,Hardcover,525.0,2022,2022.0,,2024/04/12,to-read,to-read (#98),to-read,0,0,The Spear Cuts Through Water,,
58132544,A River Enchanted,Rebecca   Ross,"Ross, Rebecca",,"=""0063055988""","=""9780063055988""",0,4.07,Harper Voyager,Hardcover,480.0,2022,2022.0,,2024/04/05,to-read,to-read (#97),to-read,0,0,A River Enchanted,Elements of Cadence,1
50202953,Piranesi,Susanna Clarke,"Clarke, Susanna",,"=""163557563X""","=""9781635575637""",5,4.22,Bloomsbury,Hardcover,272.0,2020,2020.0,2024/04/05,2024/01/29,,,read,1,0,Piranesi,,
363783,Daughter of the Blood,Anne Bishop,"Bishop, Anne",,"=""0451461487""","=""9780451461483""",0,4.03,Ace,Paperback,384.0,2007,1998.0,,2024/04/04,to-read,to-read (#96),to-read,0,0,Daughter of the Blood,The Black Jewels,1
60748,"A Child Called ""It""",Dave Pelzer,"Pelzer, Dave",,"=""""","=""""",0,4.14,Health Communications Inc,Paperback,184.0,1995,1995.0,,2024/04/02,,,read,1,0,"A Child Called ""It""",Dave Pelzer,1
37781,Things Fall Apart,Chinua Achebe,"Achebe, Chinua",,"=""""","=""""",0,3.74,Anchor Books,Paperback,215.0,1994,1958.0,,2024/01/29,,,read,1,0,Things Fall Apart,The African Trilogy,1
48855,The Diary of a Young Girl,Anne Frank,"Frank, Anne","Otto H. Frank, Mirjam Pressler, Barbara Mooyaart-Doubleday, Γιάννης Θωμόπουλος, Susan Massotty, Eleanor Roosevelt","=""""","=""""",0,4.2,Bantam,Mass Market Paperback,283.0,1993,1947.0,,2024/04/02,,,read,1,0,The Diary of a Young Girl,,
149267,The Stand,Stephen        King,"King, Stephen",Bernie Wrightson,"=""""","=""""",0,4.35,Doubleday Books,Hardcover,1152.0,1990,1978.0,,2024/04/02,to-read,to-read (#95),to-read,0,0,The Stand,,
2956,The Adventures of Huckleberry Finn,Mark Twain,"Twain, Mark","Guy Cardwell, E.W. Kemble, John Seelye, Walter Trier, Tom Wilson, William Little Hughes","=""0142437174""","=""9780142437179""",0,3.83,Penguin Classics,Paperback,327.0,2002,1884.0,,2024/04/02,,,read,1,0,The Adventures of Huckleberry Finn,,
1381,The Odyssey,Homer,"Homer, Homer","Robert Fagles, Bernard Knox","=""0143039954""","=""9780143039952""",0,3.83,Penguin Classics ,Paperback,541.0,2006,-700.0,,2024/04/02,,,read,1,0,The Odyssey,,
231804,The Outsiders,S.E. Hinton,"Hinton, S.E.",,"=""0670532576""","=""9780670532575""",0,4.14,Puffin Books (US/CAN),Mass Market Paperback,208.0,1997,1967.0,,2024/04/02,,,read,1,0,The Outsiders,,
2998,The Secret Garden,Frances Hodgson Burnett,"Burnett, Frances Hodgson",,"=""0517189607""","=""9780517189603""",0,4.17,Children's Classics,Hardcover,331.0,1998,1911.0,,2024/04/02,,,read,1,0,The Secret Garden,,
24178,Charlotte’s Web,E.B. White,"White, E.B.","Garth Williams, Rosemary Wells","=""0064410935""","=""9780064410939""",0,4.21,HarperCollinsPublishers,Paperback,184.0,2001,1952.0,,2024/04/02,,,read,1,0,Charlotte’s Web,,
370493,The Giving Tree,Shel Silverstein,"Silverstein, Shel",,"=""0060256656""","=""9780060256654""",0,4.38,HarperCollins Publishers,Hardcover,64.0,1964,1964.0,,2024/04/02,,,read,1,0,The Giving Tree,,
12067,"Good Omens: The Nice and Accurate Prophecies of Agnes Nutter, Witch",Terry Pratchett,"Pratchett, Terry",Neil Gaiman,"=""""","=""""",0,4.25,William Morrow Paperbacks,Mass Market Paperback,491.0,2006,1990.0,,2024/04/02,to-read,to-read (#94),to-read,0,0,"Good Omens: The Nice and Accurate Prophecies of Agnes Nutter, Witch",,
6320534,Under the Dome,Stephen        King,"King, Stephen",,"=""1439148503""","=""9781439148501""",0,3.93,Scribner,Hardcover,1074.0,2009,2009.0,,2024/03/30,to-read,to-read (#93),to-read,0,0,Under the Dome,,
204624472,The Veiled Kingdom,Holly Renee,"Renee, Holly",,"=""""","=""""",0,3.81,,Kindle Edition,364.0,2024,2024.0,,2024/03/28,to-read,to-read (#92),to-read,0,0,The Veiled Kingdom,The Veiled Kingdom,1
7157310,Rot & Ruin,Jonathan Maberry,"Maberry, Jonathan",,"=""1442402326""","=""9781442402324""",0,4.1,Simon & Schuster Books For Young Readers,Hardcover,458.0,2010,2010.0,,2024/03/28,,,read,1,0,Rot & Ruin,Rot & Ruin,1
2820533,Deadly Little Secret,Laurie Faria Stolarz,"Stolarz, Laurie Faria",,"=""1423111443""","=""9781423111443""",0,3.86,Hyperion,Hardcover,252.0,2008,2008.0,,2024/03/28,,,read,1,0,Deadly Little Secret,Touch,1
2273246,Dead Is the New Black,Marlene Perez,"Perez, Marlene",,"=""0152064087""","=""9780152064082""",0,3.97,Clarion Books,Paperback,190.0,2008,2008.0,,2024/03/28,,,read,1,0,Dead Is the New Black,Dead Is,1
58988311,Curse of Shadows and Thorns,L.J. Andrews,"Andrews, L.J.",,"=""""","=""""",0,4.0,Bowker,Paperback,348.0,2021,2021.0,,2024/03/25,to-read,to-read (#91),to-read,0,0,Curse of Shadows and Thorns,The Broken Kingdoms,1
46261182,The Awakening,Caroline Peckham,"Peckham, Caroline",Susanne Valenti,"=""""","=""""",0,3.82,Dark Ink Publishing,Kindle Edition,436.0,2019,2019.0,,2024/03/25,to-read,to-read (#90),to-read,0,0,The Awakening,Zodiac Academy,1
27883214,Caraval,Stephanie Garber,"Garber, Stephanie",,"=""1250095255""","=""9781250095251""",0,3.97,Flatiron Books,Hardcover,407.0,2017,2016.0,,2024/03/21,to-read,to-read (#89),to-read,0,0,Caraval,Caraval,1
52578297,The Midnight Library,Matt Haig,"Haig, Matt",,"=""0525559477""","=""9780525559474""",0,3.98,Viking,Hardcover,288.0,2020,2020.0,,2024/03/20,to-read,to-read (#88),to-read,0,0,The Midnight Library,,
45047384,The House in the Cerulean Sea,T.J. Klune,"Klune, T.J.",,"=""""","=""""",0,4.37,Tor Books,Kindle Edition,394.0,2020,2020.0,,2024/03/20,to-read,to-read (#87),to-read,0,0,The House in the Cerulean Sea,Cerulean Chronicles,1
56179377,Nettle & Bone,T. Kingfisher,"Kingfisher, T.",,"=""1250244048""","=""9781250244048""",0,4.08,Tor Books,Hardcover,243.0,2022,2022.0,,2024/03/20,to-read,to-read (#86),to-read,0,0,Nettle & Bone,,
5907,"The Hobbit, or There and Back Again",J.R.R. Tolkien,"Tolkien, J.R.R.","Douglas A. Anderson, Michael Hague, Jemima Catlin","=""""","=""""",0,4.3,Houghton Mifflin,Paperback,366.0,2002,1937.0,,2024/03/20,,,read,1,0,"The Hobbit, or There and Back Again",,
13496,A Game of Thrones,George R.R. Martin,"Martin, George R.R.",,"=""0553588486""","=""9780553588484""",0,4.45,Bantam,Mass Market Paperback,835.0,2005,1996.0,,2024/03/20,to-read,to-read (#85),to-read,0,0,A Game of Thrones,A Song of Ice and Fire,1
75712384,Bonded by Thorns,Elizabeth Helen,"Helen, Elizabeth",,"=""1738827909""","=""9781738827909""",0,3.92,Luna Fox Press,Kindle Edition,348.0,2023,2023.0,,2024/03/20,to-read,to-read (#84),to-read,0,0,Bonded by Thorns,Beasts of the Briar,1
131968668,Ruthless Enemy,Marion Blackwood,"Blackwood, Marion",,"=""9198802461""","=""9789198802467""",0,3.99,Black Dagger Publishing,Paperback,316.0,2023,2023.0,,2024/03/18,to-read,to-read (#83),to-read,0,0,Ruthless Enemy,Ruthless Enemy,1
52373510,Gone to See the River Man,Kristopher Triana,"Triana, Kristopher",,"=""""","=""""",0,3.65,Cemetery Dance Publications,Kindle Edition,182.0,2020,2020.0,,2024/03/16,to-read,to-read (#82),to-read,0,0,Gone to See the River Man,,
35396201,The Black Farm,Elias Witherow,"Witherow, Elias",,"=""""","=""""",0,3.91,,Kindle Edition,325.0,2017,2017.0,,2024/03/16,to-read,to-read (#81),to-read,0,0,The Black Farm,The Black Farm,1
18652002,The Bees,Laline Paull,"Paull, Laline",,"=""0062331159""","=""9780062331151""",5,3.71,Ecco,Hardcover,340.0,2014,2014.0,2024/03/15,2024/01/29,,,read,1,0,The Bees,,
62977071,Fear the Flames,Olivia Rose Darling,"Darling, Olivia Rose",,"=""""","=""""",0,3.76,,Kindle Edition,586.0,2022,2022.0,,2024/03/11,to-read,to-read (#80),to-read,0,0,Fear the Flames,Fear the Flames,1
58650445,Heavenly Bodies,Imani Erriu,"Erriu, Imani",,"=""""","=""""",0,3.99,,Paperback,619.0,2022,2022.0,,2024/03/11,to-read,to-read (#79),to-read,0,0,Heavenly Bodies,Heavenly Bodies,1
60109530,Keep It in the Family,John Marrs,"Marrs, John",,"=""1542017289""","=""9781542017282""",0,4.07,Thomas & Mercer,Kindle Edition,380.0,2022,2022.0,,2024/03/08,to-read,to-read (#78),to-read,0,0,Keep It in the Family,,
49090884,Tender Is the Flesh,Agustina Bazterrica,"Bazterrica, Agustina",Sarah Moses,"=""""","=""""",0,3.78,Scribner,Paperback,209.0,2020,2017.0,,2024/03/06,to-read,to-read (#77),to-read,0,0,Tender Is the Flesh,,
17571466,The Troop,Nick Cutter,"Cutter, Nick",,"=""1476717710""","=""9781476717715""",0,3.83,Gallery Books,Hardcover,358.0,2014,2014.0,,2024/03/06,to-read,to-read (#76),to-read,0,0,The Troop,,
7159515,Still Missing,Chevy Stevens,"Stevens, Chevy",,"=""0312595670""","=""9780312595678""",0,4.0,St. Martin's Press,Hardcover,342.0,2010,2010.0,,2024/03/06,to-read,to-read (#75),to-read,0,0,Still Missing,,
21726,The Ruins,Scott        Smith,"Smith, Scott",,"=""1400043875""","=""9781400043873""",0,3.69,Alfred A. Knopf,Hardcover,336.0,2006,2006.0,,2024/03/06,to-read,to-read (#74),to-read,0,0,The Ruins,,
345627,Vampire Academy,Richelle Mead,"Mead, Richelle",,"=""159514174X""","=""9781595141743""",0,4.1,Razorbill,Paperback,332.0,2007,2007.0,,2024/03/05,to-read,to-read (#73),to-read,0,0,Vampire Academy,Vampire Academy,1
10194157,Shadow and Bone,Leigh Bardugo,"Bardugo, Leigh",,"=""1250048117""","=""9781250048110""",0,3.92,Henry Holt & Company,Hardcover,358.0,2012,2012.0,,2024/03/05,to-read,to-read (#72),to-read,0,0,Shadow and Bone,Shadow and Bone,1
256683,City of Bones,Cassandra Clare,"Clare, Cassandra",,"=""1416914285""","=""9781416914280""",0,4.07,Margaret K. McElderry Books,Hardcover,485.0,2007,2007.0,,2024/03/05,to-read,to-read (#71),to-read,0,0,City of Bones,The Mortal Instruments,1
22328546,Red Queen,Victoria Aveyard,"Aveyard, Victoria",,"=""0062310631""","=""9780062310637""",0,3.98,HarperTeen,Hardcover,388.0,2015,2015.0,,2024/03/05,to-read,to-read (#70),to-read,0,0,Red Queen,Red Queen,1
10576365,The Darkest Minds,Alexandra Bracken,"Bracken, Alexandra",,"=""1423157370""","=""9781423157373""",0,4.15,Disney Hyperion,Hardcover,488.0,2012,2012.0,,2024/03/05,to-read,to-read (#69),to-read,0,0,The Darkest Minds,The Darkest Minds,1
42265183,The Beautiful,Renée Ahdieh,"Ahdieh, Renée",,"=""1524738174""","=""9781524738174""",0,3.65,G.P. Putnam's Sons Books for Young Readers,Hardcover,425.0,2019,2019.0,,2024/03/05,to-read,to-read (#68),to-read,0,0,The Beautiful,The Beautiful,1
23203252,A Shadow Bright and Burning,Jessica Cluess,"Cluess, Jessica",,"=""0553535919""","=""9780553535914""",0,3.73,Random House BFYR,Library Binding,416.0,2016,2016.0,,2024/03/05,to-read,to-read (#67),to-read,0,0,A Shadow Bright and Burning,Kingdom on Fire,1
28187,The Lightning Thief,Rick Riordan,"Riordan, Rick",,"=""0786838655""","=""9780786838653""",0,4.31,Disney Hyperion Books,Paperback,377.0,2006,2005.0,,2024/03/04,,,read,1,0,The Lightning Thief,Percy Jackson and the Olympians,1
688191,Everlost,Neal Shusterman,"Shusterman, Neal",,"=""0689872372""","=""9780689872372""",0,3.96,Simon & Schuster Books for Young Readers,Hardcover,320.0,2006,2006.0,,2024/03/04,,,read,1,0,Everlost,The Skinjacker Trilogy,1
764347,Unwind,Neal Shusterman,"Shusterman, Neal",,"=""""","=""""",0,4.17,Simon & Schuster Books for Young Readers,Hardcover,337.0,2007,2007.0,,2024/03/04,,,read,1,0,Unwind,Unwind,1
3975774,Evermore,Alyson Noel,"Noel, Alyson",,"=""031253275X""","=""9780312532758""",0,3.6,St. Martin's Griffin,Paperback,301.0,2009,2009.0,,2024/03/04,,,read,1,0,Evermore,The Immortals,1
30183,Marked,P.C. Cast,"Cast, P.C.",Kristin Cast,"=""0312360266""","=""9780312360269""",0,3.82,St. Martin's Press,Paperback,306.0,2007,2007.0,,2024/03/04,,,read,1,0,Marked,House of Night,1
1295102,Lock and Key,Sarah Dessen,"Dessen, Sarah",,"=""067001088X""","=""9780670010882""",0,3.99,Viking's Children's Books,Hardcover,432.0,2008,2008.0,,2024/03/04,,,read,1,0,Lock and Key,,
5664985,Along for the Ride,Sarah Dessen,"Dessen, Sarah",,"=""0670011940""","=""9780670011940""",0,4.03,Viking Books for Young Readers,Hardcover,383.0,2009,2009.0,,2024/03/04,,,read,1,0,Along for the Ride,,
22205,This Lullaby,Sarah Dessen,"Dessen, Sarah",,"=""0142501557""","=""9780142501559""",0,4.01,Speak,Paperback,345.0,2004,2002.0,,2024/03/04,,,read,1,0,This Lullaby,,
51738,Just Listen,Sarah Dessen,"Dessen, Sarah",,"=""0670061050""","=""9780670061051""",0,4.05,Viking Books,Hardcover,371.0,2006,2006.0,,2024/03/04,,,read,1,0,Just Listen,,
33290383,Let It Snow,John Green,"Green, John","Maureen Johnson, Lauren Myracle","=""""","=""""",0,3.66,Speak,Kindle Edition,353.0,2016,2008.0,,2024/03/04,,,read,1,0,Let It Snow,,
4374400,If I Stay,Gayle Forman,"Forman, Gayle",,"=""0525421033""","=""9780525421030""",0,3.91,Viking,Hardcover,208.0,2009,2009.0,,2024/03/04,,,read,1,0,If I Stay,If I Stay,1
5129,Brave New World,Aldous Huxley,"Huxley, Aldous",,"=""0060929871""","=""9780060929879""",0,3.99,HarperPerennial / Perennial Classics,Paperback,268.0,1998,1932.0,,2024/03/04,to-read,to-read (#66),to-read,0,0,Brave New World,,
2702704,Faefever,Karen Marie Moning,"Moning, Karen Marie",,"=""0385341636""","=""9780385341639""",0,4.28,Delacorte Press,Hardcover,327.0,2008,2008.0,,2024/03/04,to-read,to-read (#65),to-read,0,0,Faefever,Fever,3
59912428,Mad Honey,Jodi Picoult,"Picoult, Jodi",Jennifer Finney Boylan,"=""1984818384""","=""9781984818386""",0,4.07,Ballantine,Hardcover,464.0,2022,2022.0,,2024/03/04,to-read,to-read (#64),to-read,0,0,Mad Honey,,
52857700,House of Flame and Shadow,Sarah J. Maas,"Maas, Sarah J.",,"=""1681193094""","=""9781681193090""",4,4.22,Bloomsbury Publishing,ebook,835.0,2024,2024.0,2024/02/28,2024/01/29,,,read,1,0,House of Flame and Shadow,Crescent City,3
6288,The Road,Cormac McCarthy,"McCarthy, Cormac",,"=""0307265439""","=""9780307265432""",0,4.0,Alfred A. Knopf,Hardcover,241.0,2006,2006.0,,2024/02/27,to-read,to-read (#63),to-read,0,0,The Road,,
26032825,The Cruel Prince,Holly Black,"Black, Holly",,"=""0316310271""","=""9780316310277""",0,4.01,"Little, Brown Books for Young Readers",Hardcover,370.0,2018,2018.0,,2024/02/25,to-read,to-read (#62),to-read,0,0,The Cruel Prince,The Folk of the Air,1
44439416,Chapterhouse: Dune,Frank Herbert,"Herbert, Frank",,"=""0593098277""","=""9780593098271""",0,3.87,Ace,Paperback,609.0,2019,1985.0,,2024/02/17,to-read,to-read (#61),to-read,0,0,Chapterhouse: Dune,Dune,6
44492287,Heretics of Dune,Frank Herbert,"Herbert, Frank",,"=""0593098269""","=""9780593098264""",0,3.85,Ace,Paperback,669.0,2019,1984.0,,2024/02/17,to-read,to-read (#60),to-read,0,0,Heretics of Dune,Dune,5
44439415,God Emperor of Dune,Frank Herbert,"Herbert, Frank",,"=""0593098250""","=""9780593098257""",0,3.88,Ace,Paperback,587.0,2019,1981.0,,2024/02/17,to-read,to-read (#59),to-read,0,0,God Emperor of Dune,Dune,4
40132775,House of Sky and Breath,Sarah J. Maas,"Maas, Sarah J.",,"=""1408884429""","=""9781408884423""",5,4.43,Bloomsbury Publishing,Hardcover,805.0,2022,2022.0,2024/02/17,2024/01/29,,,read,1,0,House of Sky and Breath,Crescent City,2
38447,The Handmaid’s Tale,Margaret Atwood,"Atwood, Margaret",,"=""038549081X""","=""9780385490818""",0,4.15,Anchor Books,Paperback,311.0,1998,1985.0,,2024/02/11,to-read,to-read (#58),to-read,0,0,The Handmaid’s Tale,The Handmaid's Tale,1
18045891,Sharp Objects,Gillian Flynn,"Flynn, Gillian",,"=""0297851535""","=""9780297851530""",0,4.01,Broadway Paperbacks,Paperback,254.0,2007,2006.0,,2024/02/11,to-read,to-read (#57),to-read,0,0,Sharp Objects,,
40604658,Jurassic Park,Michael Crichton,"Crichton, Michael",,"=""0307763056""","=""9780307763051""",0,4.13,Ballantine Books,Kindle Edition,466.0,2012,1990.0,,2024/02/09,to-read,to-read (#56),to-read,0,0,Jurassic Park,Jurassic Park,1
2247142,The Talented Mr. Ripley,Patricia Highsmith,"Highsmith, Patricia",,"=""""","=""""",0,3.95,W. W. Norton  Company,Paperback,271.0,2008,1955.0,,2024/02/05,to-read,to-read (#55),to-read,0,0,The Talented Mr. Ripley,Ripley,1
13103,The Celestine Prophecy,James Redfield,"Redfield, James",,"=""""","=""""",0,3.73,Warner Books,Paperback,247.0,1995,1993.0,,2024/02/01,to-read,to-read (#54),to-read,0,0,The Celestine Prophecy,Celestine Prophecy,1
7740152,Torment,Lauren Kate,"Kate, Lauren",,"=""0385739141""","=""9780385739146""",0,3.84,Delacorte Press,Hardcover,452.0,2010,2010.0,,2024/02/01,,,read,1,0,Torment,Fallen,2
6487308,Fallen,Lauren Kate,"Kate, Lauren",,"=""0385738935""","=""9780385738934""",0,3.72,Delacorte Press,Hardcover,464.0,2009,2009.0,,2024/02/01,,,read,1,0,Fallen,Fallen,1
6442769,Paper Towns,John Green,"Green, John",Gázsity Mila,"=""014241493X""","=""9780142414934""",0,3.7,Speak,Paperback,305.0,2009,2008.0,,2024/02/01,,,read,1,0,Paper Towns,,
11870085,The Fault in Our Stars,John Green,"Green, John",,"=""""","=""""",0,4.12,Dutton Books,Hardcover,313.0,2012,2012.0,,2024/02/01,,,read,1,0,The Fault in Our Stars,,
53287484,Midnight Sun,Stephenie Meyer,"Meyer, Stephenie",,"=""031670704X""","=""9780316707046""",0,3.75,"Little, Brown Books for Young Readers",Hardcover,662.0,2020,2020.0,,2024/02/01,,,read,1,0,Midnight Sun,The Twilight Saga,5
1162543,Breaking Dawn,Stephenie Meyer,"Meyer, Stephenie",,"=""031606792X""","=""9780316067928""",0,3.75,"Little, Brown and Company",Hardcover,756.0,2008,2008.0,,2024/02/01,,,read,1,0,Breaking Dawn,The Twilight Saga,4
428263,Eclipse,Stephenie Meyer,"Meyer, Stephenie",,"=""0316160202""","=""9780316160209""",0,3.74,"Little, Brown and Company",Hardcover,629.0,2007,2007.0,,2024/02/01,,,read,1,0,Eclipse,The Twilight Saga,3
49041,New Moon,Stephenie Meyer,"Meyer, Stephenie",,"=""0316160199""","=""9780316160193""",0,3.61,"Little, Brown and Company",Hardcover,563.0,2006,2006.0,,2024/02/01,,,read,1,0,New Moon,The Twilight Saga,2
41865,Twilight,Stephenie Meyer,"Meyer, Stephenie",,"=""0316015849""","=""9780316015844""",0,3.67,"Little, Brown and Company",Paperback,498.0,2006,2005.0,,2024/02/01,,,read,1,0,Twilight,The Twilight Saga,1
7631105,The Scorch Trials,James Dashner,"Dashner, James",,"=""0385738757""","=""9780385738750""",0,3.89,Delacorte Press,Hardcover,362.0,2010,2010.0,,2024/02/01,,,read,1,0,The Scorch Trials,The Maze Runner,2
6186357,The Maze Runner,James Dashner,"Dashner, James",,"=""0385737947""","=""9780385737944""",0,4.05,Delacorte Press,Hardcover,384.0,2009,2009.0,,2024/02/01,,,read,1,0,The Maze Runner,The Maze Runner,1
51901147,The Ballad of Songbirds and Snakes,Suzanne Collins,"Collins, Suzanne",,"=""""","=""""",0,3.99,Scholastic Press,Kindle Edition,541.0,2020,2020.0,,2024/02/01,,,read,1,0,The Ballad of Songbirds and Snakes,The Hunger Games,0
76714487,Tower of Dawn,Sarah J. Maas,"Maas, Sarah J.",,"=""1639731040""","=""9781639731046""",0,4.28,Bloomsbury Publishing,Hardcover,688.0,2023,2017.0,,2024/02/01,,,read,1,0,Tower of Dawn,Throne of Glass,6
126062562,The Assassin's Blade,Sarah J. Maas,"Maas, Sarah J.",,"=""1619632217""","=""9781619632219""",0,4.2,Bloomsbury Children’s Books,Kindle Edition,451.0,2023,2014.0,,2024/02/01,,,read,1,0,The Assassin's Blade,Throne of Glass-,0.1
76713323,Empire of Storms,Sarah J. Maas,"Maas, Sarah J.",,"=""1639731024""","=""9781639731022""",0,4.63,Bloomsbury Publishing,Hardcover,733.0,2023,2016.0,,2024/02/01,,,read,1,0,Empire of Storms,Throne of Glass,5
76707900,Queen of Shadows,Sarah J. Maas,"Maas, Sarah J.",,"=""1639731008""","=""9781639731008""",0,4.62,Bloomsbury Publishing,Hardcover,648.0,2023,2015.0,,2024/02/01,,,read,1,0,Queen of Shadows,Throne of Glass,4
76706470,Heir of Fire,Sarah J. Maas,"Maas, Sarah J.",,"=""""","=""""",0,4.45,Bloomsbury USA Childrens,Hardcover,576.0,2023,2014.0,,2024/02/01,,,read,1,0,Heir of Fire,Throne of Glass,3
76705490,Crown of Midnight,Sarah J. Maas,"Maas, Sarah J.",,"=""1639730966""","=""9781639730964""",0,4.36,Bloomsbury Publishing,Hardcover,420.0,2023,2013.0,,2024/02/01,,,read,1,0,Crown of Midnight,Throne of Glass,2
76703559,Throne of Glass,Sarah J. Maas,"Maas, Sarah J.",,"=""163973094X""","=""9781639730940""",0,4.18,Bloomsbury Publishing,Hardcover,406.0,2023,2012.0,,2024/02/01,,,read,1,0,Throne of Glass,Throne of Glass,1
50659471,A Court of Frost and Starlight,Sarah J. Maas,"Maas, Sarah J.",,"=""1635575621""","=""9781635575620""",0,3.72,Bloomsbury Publishing,Paperback,272.0,2020,2019.0,,2024/02/01,,,read,1,0,A Court of Frost and Starlight,A Court of Thorns and Roses,3.5
50659472,A Court of Wings and Ruin,Sarah J. Maas,"Maas, Sarah J.",,"=""1635575605""","=""9781635575606""",0,4.46,Bloomsbury Publishing,Paperback,699.0,2020,2017.0,,2024/02/01,,,read,1,0,A Court of Wings and Ruin,A Court of Thorns and Roses,3
50659468,A Court of Mist and Fury,Sarah J. Maas,"Maas, Sarah J.",,"=""1635575583""","=""9781635575583""",0,4.64,Bloomsbury Publishing,Paperback,626.0,2020,2016.0,,2024/02/01,,,read,1,0,A Court of Mist and Fury,A Court of Thorns and Roses,2
53138095,A ​Court of Silver Flames,Sarah J. Maas,"Maas, Sarah J.",,"=""168119628X""","=""9781681196282""",0,4.45,Bloomsbury Publishing,Hardcover,757.0,2021,2021.0,,2024/02/01,,,read,1,0,A ​Court of Silver Flames,A Court of Thorns and Roses,4
10614,Misery,Stephen        King,"King, Stephen",,"=""0450417395""","=""9780450417399""",0,4.23,New English Library,Paperback,370.0,1992,1987.0,,2024/02/01,to-read,to-read (#53),to-read,0,0,Misery,,
50485649,In My Dreams I Hold a Knife,Ashley Winstead,"Winstead, Ashley",,"=""172822988X""","=""9781728229881""",0,3.8,Sourcebooks Landmark,Hardcover,345.0,2021,2021.0,,2024/02/01,to-read,to-read (#52),to-read,0,0,In My Dreams I Hold a Knife,,
57282383,A Shadow in the Ember,Jennifer L. Armentrout,"Armentrout, Jennifer L.",,"=""""","=""""",0,4.46,Blue Box Press,Hardcover,647.0,2021,2021.0,,2024/02/01,to-read,to-read (#51),to-read,0,0,A Shadow in the Ember,Flesh and Fire,1
61439040,1984,George Orwell,"Orwell, George",Thomas Pynchon,"=""0452284236""","=""9780452284234""",0,4.2,Plume,Paperback,368.0,2022,1949.0,,2024/02/01,to-read,to-read (#50),to-read,0,0,1984,,
28676,American Psycho,Bret Easton Ellis,"Ellis, Bret Easton",,"=""0679735771""","=""9780679735779""",0,3.8,Vintage Contemporaries,Paperback,399.0,1991,1991.0,,2024/02/01,to-read,to-read (#49),to-read,0,0,American Psycho,,
1656001,The Host,Stephenie Meyer,"Meyer, Stephenie",,"=""0316068047""","=""9780316068048""",0,3.86,"Little, Brown and Company",Hardcover,619.0,2008,2008.0,,2024/02/01,to-read,to-read (#48),to-read,0,0,The Host,The Host,1
50520939,The Atlas Six,Olivie Blake,"Blake, Olivie",,"=""""","=""""",0,3.55,,Kindle Edition,376.0,2020,2020.0,,2024/02/01,to-read,to-read (#47),to-read,0,0,The Atlas Six,The Atlas,1
41042431,Wake Me After the Apocalypse,Jordan Rivet,"Rivet, Jordan",,"=""""","=""""",0,4.09,,Kindle Edition,316.0,2018,2018.0,,2024/02/01,to-read,to-read (#46),to-read,0,0,Wake Me After the Apocalypse,Bunker,1
15839976,Red Rising,Pierce Brown,"Brown, Pierce",,"=""0345539788""","=""9780345539786""",0,4.27,Del Rey,Hardcover,382.0,2014,2014.0,,2024/02/01,to-read,to-read (#45),to-read,0,0,Red Rising,Red Rising Saga,1
53320739,The Princess Trials,Cordelia K. Castel,"Castel, Cordelia K.",,"=""""","=""""",0,3.79,,Kindle Edition,504.0,2020,2020.0,,2024/02/01,to-read,to-read (#44),to-read,0,0,The Princess Trials,The Princess Trials,1
10507293,The Selection,Kiera Cass,"Cass, Kiera",,"=""0062059939""","=""9780062059932""",0,4.07,HarperTeen,Hardcover,336.0,2012,2012.0,,2024/02/01,to-read,to-read (#43),to-read,0,0,The Selection,The Selection,1
125162502,Scorpio,Marko Kloos,"Kloos, Marko",,"=""1542035503""","=""9781542035507""",0,4.12,47North,Kindle Edition,283.0,2024,2024.0,,2024/02/01,to-read,to-read (#42),to-read,0,0,Scorpio,Frontlines: Evolution,1
44646576,Bird Box,Josh Malerman,"Malerman, Josh",,"=""0062259652""","=""9780062259653""",0,4.05,Ecco,Hardcover,272.0,2014,2014.0,,2024/02/01,to-read,to-read (#41),to-read,0,0,Bird Box,Bird Box,1
56179372,Slewfoot: A Tale of Bewitchery,Brom,"Brom, Brom",,"=""125062200X""","=""9781250622006""",0,4.23,Tor Nightfire,Hardcover,305.0,2021,2021.0,,2024/02/01,to-read,to-read (#40),to-read,0,0,Slewfoot: A Tale of Bewitchery,,
45885495,His & Hers,Alice Feeney,"Feeney, Alice",,"=""1250266076""","=""9781250266071""",0,4.06,Flatiron Books,Hardcover,304.0,2020,2020.0,,2024/02/01,to-read,to-read (#39),to-read,0,0,His & Hers,,
59808050,Daisy Darker,Alice Feeney,"Feeney, Alice",,"=""1250843936""","=""9781250843937""",0,3.76,Flatiron Books,Hardcover,352.0,2022,2022.0,,2024/02/01,to-read,to-read (#38),to-read,0,0,Daisy Darker,,
61208877,A Soul to Keep,Opal Reyne,"Reyne, Opal",,"=""0645510408""","=""9780645510409""",0,4.06,,Kindle Edition,544.0,2022,2022.0,,2024/01/29,to-read,to-read (#37),to-read,0,0,A Soul to Keep,Duskwalker Brides,1
52831200,From Blood and Ash,Jennifer L. Armentrout,"Armentrout, Jennifer L.",,"=""1952457017""","=""9781952457012""",0,4.22,Blue Box Press,ebook,622.0,2020,2020.0,,2024/01/29,to-read,to-read (#36),to-read,0,0,From Blood and Ash,Blood and Ash,1
52439531,The Inheritance Games,Jennifer Lynn Barnes,"Barnes, Jennifer Lynn",,"=""1368052401""","=""9781368052405""",0,4.13,"Little, Brown Books for Young Readers",Hardcover,386.0,2020,2020.0,,2024/01/29,to-read,to-read (#35),to-read,0,0,The Inheritance Games,The Inheritance Games,1
11,The Hitchhiker’s Guide to the Galaxy,Douglas Adams,"Adams, Douglas",,"=""""","=""""",0,4.22,Del Rey Books,Mass Market Paperback,216.0,2005,1979.0,,2024/01/29,to-read,to-read (#34),to-read,0,0,The Hitchhiker’s Guide to the Galaxy,Hitchhiker's Guide to the Galaxy,1
19063,The Book Thief,Markus Zusak,"Zusak, Markus",,"=""""","=""""",0,4.39,Alfred A. Knopf,Kindle Edition,592.0,2006,2005.0,,2024/01/29,to-read,to-read (#33),to-read,0,0,The Book Thief,,
6043781,Blood of Elves,Andrzej Sapkowski,"Sapkowski, Andrzej",Danusia Stok,"=""""","=""""",0,4.1,Hachette Book Group,Mass Market Paperback,398.0,2009,1994.0,,2024/01/29,to-read,to-read (#32),to-read,0,0,Blood of Elves,The Witcher,1
7445,The Glass Castle,Jeannette Walls,"Walls, Jeannette",,"=""074324754X""","=""9780743247542""",0,4.32,Scribner,Paperback,288.0,2006,2005.0,,2024/01/29,to-read,to-read (#30),to-read,0,0,The Glass Castle,,
24830,The Illustrated Man,Ray Bradbury,"Bradbury, Ray",,"=""000712774X""","=""9780007127740""",0,4.13,Voyager Classics / Harper Collins,Paperback,186.0,2002,1951.0,,2024/01/29,to-read,to-read (#29),to-read,0,0,The Illustrated Man,,
4981,Slaughterhouse-Five,Kurt Vonnegut Jr.,"Jr., Kurt Vonnegut",,"=""""","=""""",0,4.1,Dial Press,Paperback,275.0,1999,1969.0,,2024/01/29,to-read,to-read (#28),to-read,0,0,Slaughterhouse-Five,,
6224935,This is Where I Leave You,Jonathan Tropper,"Tropper, Jonathan",,"=""052595127X""","=""9780525951278""",0,3.88,Orion,Hardcover,339.0,2009,2003.0,,2024/01/29,to-read,to-read (#27),to-read,0,0,This is Where I Leave You,,
248704,It's Kind of a Funny Story,Ned Vizzini,"Vizzini, Ned",,"=""078685197X""","=""9780786851973""",0,4.07,Disney Hyperion,Paperback,444.0,2007,2006.0,,2024/01/29,to-read,to-read (#26),to-read,0,0,It's Kind of a Funny Story,,
28954189,Scythe,Neal Shusterman,"Shusterman, Neal",,"=""""","=""""",0,4.32,Simon & Schuster Books for Young Readers,Hardcover,435.0,2016,2016.0,,2024/01/29,to-read,to-read (#25),to-read,0,0,Scythe,Arc of a Scythe,1
22299763,Crooked Kingdom,Leigh Bardugo,"Bardugo, Leigh",,"=""""","=""""",0,4.57,Orion Children's Books,Kindle Edition,561.0,2016,2016.0,,2024/01/29,to-read,to-read (#24),to-read,0,0,Crooked Kingdom,Six of Crows,2
23437156,Six of Crows,Leigh Bardugo,"Bardugo, Leigh",,"=""1627792120""","=""9781627792127""",0,4.46,Henry Holt & Company,Hardcover,480.0,2015,2015.0,,2024/01/29,to-read,to-read (#23),to-read,0,0,Six of Crows,Six of Crows,1
18077752,Acceptance,Jeff VanderMeer,"VanderMeer, Jeff",,"=""0374104115""","=""9780374104115""",0,3.66,"Farrar, Straus and Giroux",Paperback,368.0,2014,2014.0,,2024/01/29,to-read,to-read (#22),to-read,0,0,Acceptance,Southern Reach,3
18077769,Authority,Jeff VanderMeer,"VanderMeer, Jeff",,"=""0374104107""","=""9780374104108""",0,3.55,"Farrar, Straus and Giroux",Paperback,368.0,2014,2014.0,,2024/01/29,to-read,to-read (#21),to-read,0,0,Authority,Southern Reach,2
20170404,Station Eleven,Emily St. John Mandel,"Mandel, Emily St. John",,"=""0385353308""","=""9780385353304""",0,4.07,Knopf,Hardcover,333.0,2014,2014.0,,2024/01/29,to-read,to-read (#20),to-read,0,0,Station Eleven,,
31817749,The Stone Sky,N.K. Jemisin,"Jemisin, N.K.",,"=""""","=""""",0,4.33,Orbit,Paperback,416.0,2017,2017.0,,2024/01/29,to-read,to-read (#19),to-read,0,0,The Stone Sky,The Broken Earth,3
26228034,The Obelisk Gate,N.K. Jemisin,"Jemisin, N.K.",,"=""""","=""""",0,4.29,Orbit,Paperback,410.0,2016,2016.0,,2024/01/29,to-read,to-read (#18),to-read,0,0,The Obelisk Gate,The Broken Earth,2
19161852,The Fifth Season,N.K. Jemisin,"Jemisin, N.K.",,"=""""","=""""",0,4.29,Orbit,Paperback,468.0,2015,2015.0,,2024/01/29,to-read,to-read (#17),to-read,0,0,The Fifth Season,The Broken Earth,1
80660,We Need to Talk About Kevin,Lionel Shriver,"Shriver, Lionel",,"=""006112429X""","=""9780061124297""",0,4.08,Harper Perennial,Paperback,400.0,2006,2003.0,,2024/01/29,to-read,to-read (#16),to-read,0,0,We Need to Talk About Kevin,,
32620332,The Seven Husbands of Evelyn Hugo,Taylor Jenkins Reid,"Reid, Taylor Jenkins",,"=""1501139231""","=""9781501139239""",0,4.4,Atria Books,Hardcover,389.0,2017,2017.0,,2024/01/29,to-read,to-read (#15),to-read,0,0,The Seven Husbands of Evelyn Hugo,,
18122,The Amber Spyglass,Philip Pullman,"Pullman, Philip",,"=""0440238153""","=""9780440238157""",0,4.11,Laurel Leaf,Mass Market Paperback,465.0,2003,2000.0,,2024/01/29,to-read,to-read (#14),to-read,0,0,The Amber Spyglass,His Dark Materials,3
41637836,The Subtle Knife,Philip Pullman,"Pullman, Philip",,"=""""","=""""",0,4.15,RHCP Digital,Kindle Edition,370.0,2018,1997.0,,2024/01/29,to-read,to-read (#13),to-read,0,0,The Subtle Knife,His Dark Materials,2
119322,The Golden Compass,Philip Pullman,"Pullman, Philip",,"=""0679879242""","=""9780679879244""",0,4.03,RANDOM HOUSE TRADE,Hardcover,399.0,1996,1995.0,,2024/01/29,to-read,to-read (#12),to-read,0,0,The Golden Compass,His Dark Materials,1
13324841,Son,Lois Lowry,"Lowry, Lois",,"=""0547887205""","=""9780547887203""",0,3.99,Clarion Books,Hardcover,393.0,2012,2012.0,,2024/01/29,to-read,to-read (#11),to-read,0,0,Son,The Giver,4
37774,Arrow of God,Chinua Achebe,"Achebe, Chinua",,"=""""","=""""",0,3.79,Anchor Books,Paperback,230.0,1989,1964.0,,2024/01/29,to-read,to-read (#10),to-read,0,0,Arrow of God,The African Trilogy,3
111085,No Longer at Ease,Chinua Achebe,"Achebe, Chinua",,"=""""","=""""",0,3.87,Anchor,Paperback,196.0,1994,1960.0,,2024/01/29,to-read,to-read (#9),to-read,0,0,No Longer at Ease,The African Trilogy,2
56302573,Farenheit 451,Ray Bradbury,"Bradbury, Ray",,"=""""","=""""",0,3.97,Qanun Nəşriyyatı,Unknown Binding,208.0,2019,1953.0,,2024/01/29,to-read,to-read (#8),to-read,0,0,Farenheit 451,,
21787,The Princess Bride,William Goldman,"Goldman, William",,"=""0345418263""","=""9780345418265""",0,4.27,Ballantine Books,Paperback,429.0,2003,1973.0,,2024/01/29,to-read,to-read (#7),to-read,0,0,The Princess Bride,,
24292598,Outland,Dennis E. Taylor,"Taylor, Dennis E.",,"=""""","=""""",0,4.1,,Kindle Edition,360.0,2015,2015.0,,2024/01/29,to-read,to-read (#6),to-read,0,0,Outland,Quantum Earth,1
44492286,Children of Dune,Frank Herbert,"Herbert, Frank",,"=""0593098242""","=""9780593098240""",0,3.95,Ace,Paperback,609.0,2019,1976.0,,2024/01/29,to-read,to-read (#5),to-read,0,0,Children of Dune,Dune,3
44492285,Dune Messiah,Frank Herbert,"Herbert, Frank",Brian Herbert,"=""0593098234""","=""9780593098233""",0,3.89,Ace,Mass Market Paperback,336.0,2019,1969.0,,2024/01/29,to-read,to-read (#4),to-read,0,0,Dune Messiah,Dune,2
44767458,Dune,Frank Herbert,"Herbert, Frank",,"=""059309932X""","=""9780593099322""",0,4.29,Ace,Hardcover,658.0,2019,1965.0,,2024/01/29,to-read,to-read (#3),to-read,0,0,Dune,Dune,1
8909,The War of the Worlds,H.G. Wells,"Wells, H.G.",Arthur C. Clarke,"=""0375759239""","=""9780375759239""",0,3.83,Random House Publishing Group,Paperback,192.0,2002,1898.0,,2024/01/29,to-read,to-read (#2),to-read,0,0,The War of the Worlds,,
830502,It,Stephen        King,"King, Stephen",,"=""0450411435""","=""9780450411434""",0,4.24,New English Library,Paperback,1184.0,1987,1986.0,,2024/01/29,to-read,to-read (#1),to-read,0,0,It,,
44778083,House of Earth and Blood,Sarah J. Maas,"Maas, Sarah J.",,"=""1635574048""","=""9781635574043""",5,4.45,Bloomsbury Publishing,Hardcover,803.0,2020,2020.0,,2024/01/29,,,read,2,0,House of Earth and Blood,Crescent City,1
76715522,Kingdom of Ash,Sarah J. Maas,"Maas, Sarah J.",,"=""1639731067""","=""9781639731060""",5,4.71,Bloomsbury Publishing,Hardcover,984.0,2023,2018.0,2024/01/29,2024/01/29,,,read,1,0,Kingdom of Ash,Throne of Glass,7
